movie_name,release_date
千禧曼波,2001/11/17
KANO,2014/02/27
巴黎，德州,2016/09/02
情書,2016/09/09
音速小子 3,2017/01/19
她與他們的愛情,2017/09/08
失樂園,2017/09/08
無人知曉的夏日清晨,2018/06/08
坂本龍一:async紐約現場,2018/07/13
彩雲飛,2019/01/19
普羅米亞,2019/08/16
小丑,2019/10/03
星際效應,2019/10/05
風兒踢踏踩,2019/10/19
燃燒女子的畫像,2019/12/20
誤判,2019/12/27
我的英雄學院劇場版：英雄新世紀,2020/04/01
銀翼殺手最終版,2020/06/12
東邪西毒：終極版(數位粵語版),2020/06/19
EYES ON ME : THE MOVIE,2020/06/24
恐怖份子,2020/06/24
藍色恐懼：4K數位修復版,2020/07/17
再見箱舟,2020/09/05
《少女與戰車 最終章》第1+2話,2020/10/07
幻愛,2020/10/15
悄悄告訴她 經典數位修復,2020/10/30
玩美女人 經典數位修復,2020/10/30
破碎的擁抱 經典數位修復,2020/10/30
GIVEN~被贈與的未來 劇場版,2020/11/06
未來的我們,2020/11/27
愛在黎明破曉時,2020/12/04
愛在日落巴黎時,2020/12/04
法蘭克,2021/01/15
龍貓,2021/01/29
鬼影,2021/02/10
墮落天使  4K數位修復版,2021/02/19
竊聽風暴,2021/02/26
我的母親 經典數位修復,2021/02/26
歡樂時光（上）,2021/02/26
歡樂時光（下）,2021/02/26
我愛你，你愛她，她愛他,2021/03/12
顫抖的慾望 經典數位修復,2021/03/26
父親,2021/04/16
女畫家與偷畫賊,2021/05/14
花束般的戀愛,2021/07/16
群青戰記,2021/07/22
魔法少女小圓劇場版 [新篇] 叛逆的物語,2021/08/13
薩滿,2021/08/25
花神咖啡館,2021/09/10
沙丘,2021/09/16
腦海中的橡皮擦,2021/09/17
攔截聲命線,2021/10/08
心靈遊戲,2021/10/09
嵐 5x20演唱會電影～回憶全記錄～,2021/11/03
諸葛四郎─英雄的英雄,2021/11/12
濁水漂流,2021/11/19
《少女與戰車 最終章》 第3話,2021/11/19
偶然與想像,2021/11/26
青春特調蜂蜜檸檬蘇打,2021/12/03
GIVEN~被贈與的未來 劇場版：反面的存在,2021/12/09
藍宇,2021/12/10
夏日之戀,2021/12/12
2gether電影版：只因我們天生一對,2021/12/24
鈦,2021/12/24
在車上,2021/12/24
記憶,2021/12/25
麥特與麥斯,2021/12/30
世界上最爛的人,2022/01/01
瀕臨崩潰邊緣的女人 經典數位修復,2022/02/04
詛咒,2022/02/04
BJ單身日記,2022/02/11
電影版 昨日的美食,2022/02/18
該死的阿修羅,2022/03/02
漂浪人生,2022/03/19
SEVENTEEN POWER OF LOVE : THE MOVIE,2022/04/20
重慶森林 4K數位修復版,2022/04/22
深海獵奇,2022/05/14
馬達加斯加：狐猴之島,2022/05/14
最後的冰川,2022/05/14
哈勃望遠鏡,2022/05/14
回歸野性,2022/05/14
捍衛戰士: 獨行俠,2022/05/23
小小兵2:格魯的崛起,2022/07/01
春日小戀曲,2022/08/12
哈勇家,2022/08/12
蜘蛛人：無家日 戲院加長版,2022/09/02
神隱少女(日文版),2022/09/08
花樣年華 4K數位修復版,2022/09/16
飯戲攻心,2022/09/23
正發生,2022/09/30
以你的名字呼喚我,2022/10/14
大逃殺 4K數位修復版,2022/11/04
如歌的行板,2022/11/05
黑豹 2：瓦干達萬歲,2022/11/09
2046 4K數位修復版,2022/11/14
劇場版 歌之☆王子殿下♪ 真愛ST☆RISH TOURS,2022/11/18
天空之城(日文版),2022/11/25
大熊貓(國語版),2022/12/01
海底世界(國語版),2022/12/05
一起一起,2022/12/16
蘿拉快跑,2022/12/17
朝聖之路：聖雅各,2022/12/23
鬼搖靈2：陰語陣陣,2022/12/23
鬼壓床了沒,2022/12/23
劇場版 弦音 ─初始的一射─,2022/12/30
灌籃高手 THE FIRST SLAM DUNK,2022/12/31
日麗,2023/01/25
霍爾的移動城堡,2023/02/01
青春養成記,2023/02/08
毒舌大狀,2023/02/17
愛情美樂地,2023/02/17
巫母,2023/02/24
本日公休,2023/02/26
投奔怒海,2023/03/03
8釐米：詛咒影帶,2023/03/10
小淘氣尼古拉：快樂的源頭,2023/03/24
夏日悄悄話,2023/03/31
魔女宅急便(日語版),2023/03/31
鬼玩人 4K數位修復版,2023/04/07
四百擊,2023/04/16
魯蛇大翻身,2023/04/28
窄路微塵,2023/04/28
神鬼第六感,2023/05/05
收陰機,2023/05/19
鷹勇潛艦,2023/05/19
烈火焚身,2023/05/19
BLUE GIANT 藍色巨星,2023/06/02
蜘蛛人：穿越新宇宙,2023/06/21
小行星城,2023/06/23
小提琴天后慕特：愛樂一生,2023/06/30
元素方城市(英文版),2023/06/30
不可能的任務：致命清算 第一章,2023/07/06
暗湧情事,2023/07/07
回不去的那座山,2023/07/15
飛躍吧！金牌英雄,2023/07/15
Barbie芭比,2023/07/20
奧本海默,2023/07/21
電影哆啦A夢：大雄與天空的理想鄉,2023/07/21
假裝沒事,2023/07/28
GT：跨界玩家,2023/08/03
忍者龜：變種大亂鬥,2023/08/04
一個人的朝聖,2023/08/04
景深之中,2023/08/11
親密（前編）,2023/08/12
親密（後編）,2023/08/12
四月物語：數位修復版,2023/08/16
喜幹會,2023/08/18
限時引爆,2023/08/21
MAMAMOO：MY CON THE MOVIE,2023/08/25
粽邪3 :鬼門開,2023/08/25
私刑教育3,2023/08/31
鬼修女II,2023/09/07
劇場版 少女☆歌劇 Revue Starlight,2023/09/08
換宿夜驚魂,2023/09/11
威尼斯魅影謀殺案,2023/09/15
德黑蘭雙面疑雲,2023/09/15
岸邊露伴在羅浮,2023/09/15
少女☆歌劇 Revue Starlight RONDO RONDO RONDO,2023/09/15
我的天堂城市,2023/09/15
自由之聲,2023/09/19
偉大的十四世：達賴喇嘛,2023/09/22
劇場版IDOLiSH7-偶像星願- LIVE 4bit BEYOND THE PERiOD<DAY2>,2023/09/22
劇場版IDOLiSH7-偶像星願- LIVE 4bit BEYOND THE PERiOD<DAY1>,2023/09/22
在旅途中：方濟各的朝聖之旅,2023/09/28
奪魂鋸X,2023/09/28
劇場版 PSYCHO-PASS 心靈判官 PROVIDENCE,2023/09/28
觸不到的肌膚,2023/09/28
他馬克老闆,2023/09/28
汪汪隊立大功：超級大電影（國語版）,2023/09/29
A.I.創世者,2023/09/29
藍色情挑 經典數位修復,2023/09/30
沒有國家的冠軍,2023/10/06
大法師:信徒,2023/10/06
塞納河上的船屋,2023/10/06
蒼鷺與少年(日文版),2023/10/06
周處除三害,2023/10/06
白色情迷 經典數位修復,2023/10/07
少年Pi的奇幻漂流（英國國家劇院現場）,2023/10/13
女鬼橋2：怨鬼樓,2023/10/13
紅色情深 經典數位修復,2023/10/14
雉岳山怪談,2023/10/20
花月殺手,2023/10/20
笨錢效應,2023/10/20
杜巴利伯爵夫人,2023/10/20
交響狂花,2023/10/20
塵埃之書：野美人號（英國國家劇院現場）,2023/10/25
佛萊迪餐館之五夜驚魂,2023/10/27
超危險保鑣,2023/10/27
新核能時代,2023/10/27
野獸們,2023/10/27
惡女,2023/10/27
青春並不溫柔,2023/10/27
日子,2023/10/27
撼山河 撼向世界,2023/11/01
鬼車站,2023/11/03
困獸,2023/11/03
泰勒絲 | 年代巡迴演唱會電影,2023/11/03
小嫉妒,2023/11/03
詭屋,2023/11/03
我家的故事,2023/11/03
戰場日記,2023/11/05
驚奇隊長 2,2023/11/08
琳達想吃雞!(中文版),2023/11/10
茱莉亞四重奏,2023/11/10
電影版 勿說是推理,2023/11/10
WOMEN 我們不知道的事,2023/11/10
五月雪,2023/11/11
車頂上的玄天上帝,2023/11/11
天一亮，就想見到你,2023/11/12
飢餓遊戲：鳴鳥與游蛇之歌,2023/11/17
恐怖感恩劫,2023/11/17
少男少女,2023/11/17
野火蔓延時,2023/11/24
拿破崙,2023/11/24
下一球，勝利,2023/11/24
阿爾及爾的末代王后,2023/11/24
老狐狸,2023/11/24
直線偏執狂（英國國家劇院現場）,2023/11/30
海鷗 （英國國家劇院現場）,2023/11/30
全羅道少年殺人事件,2023/12/01
五月的35日,2023/12/01
富都青年,2023/12/01
無聲夜,2023/12/01
壁花男孩,2023/12/01
進化症候群,2023/12/01
屍禁,2023/12/01
花腐,2023/12/01
BIG,2023/12/01
夢行者保羅,2023/12/04
旺卡(英文版),2023/12/05
水鬼,2023/12/08
年少日記,2023/12/08
魔髮精靈：樂團在一起 (國語版),2023/12/08
海豚男孩-國語版,2023/12/08
歡迎來到駒田蒸餾所,2023/12/08
鄰人Ｘ：謎樣的女子,2023/12/08
小曉,2023/12/08
絕地追擊,2023/12/08
12.12：首爾之春,2023/12/15
鬼6怨,2023/12/15
夜校,2023/12/15
超級救援狗,2023/12/15
小行星獵人,2023/12/15
青春 (春),2023/12/15
荒漠斷背情,2023/12/15
青春豬頭少年不會夢到紅書包女孩,2023/12/15
愛是一把槍,2023/12/15
窗邊的小荳荳,2023/12/19
水行俠 失落王國,2023/12/20
愛在閃電下,2023/12/20
餓之必要,2023/12/22
巫術,2023/12/22
送葬人,2023/12/22
法拉利,2023/12/22
贖罪日之戰,2023/12/22
東尼瀧谷:數位經典版,2023/12/22
寬鬆世代又怎樣：INTERNATIONAL,2023/12/22
銀河鐵道之夜,2023/12/22
千年決鬥,2023/12/22
我的完美日常,2023/12/24
日安，我的母親,2023/12/25
赤心巔峰,2023/12/25
初戀你我他,2023/12/26
慾望之翼,2023/12/26
星願(英文版),2023/12/26
電影版 淘氣小企鵝啵樂樂 超級明星大冒險(國語版),2023/12/29
情牽浮生戲,2023/12/29
金手指,2023/12/29
藍色的你,2023/12/29
人犬,2023/12/29
愛情轉移,2023/12/29
春風勁草,2023/12/29
潛行,2023/12/30
魔法公主,2023/12/30
坂本龍一：OPUS,2023/12/31
紅豬,2024/01/01
一一,2024/01/01
鬼媽媽的假期,2024/01/05
韓國都市恐怖怪談：詭手,2024/01/05
巴赫曼-沙漠追愛之旅,2024/01/05
怪胎女孩,2024/01/05
叛諜檔案,2024/01/05
魔籽公主,2024/01/05
雙眼之間,2024/01/05
月,2024/01/05
搖滾吧！中二樂團,2024/01/05
壞男孩,2024/01/05
怒潮,2024/01/05
鬼聲泣,2024/01/08
妙想天開,2024/01/09
爆裂點,2024/01/11
露梁：死亡之海,2024/01/12
蜂刑者,2024/01/12
網紅教慾,2024/01/12
少女與戰車 劇場版,2024/01/12
細野晴臣：再會美國,2024/01/12
消失的她,2024/01/12
春光乍洩  4K數位修復版,2024/01/13
美麗的聲音,2024/01/19
戰火下的小狐狸,2024/01/19
他的最後一個朋友,2024/01/19
一個人的逃亡,2024/01/19
貓王與我,2024/01/19
我不是教你詐,2024/01/19
SPY x FAMILY CODE: White,2024/01/19
光之美少女電影 ALL STARS F,2024/01/19
妖怪森林,2024/01/19
魅舞,2024/01/19
明天比昨天長久,2024/01/19
邪惡根本不存在,2024/01/20
一點一滴的死/長夜/一個女人生命中的三小時/山雨欲來,2024/01/20
五福女孩/隔河/再見觸身/泳夜,2024/01/20
注意看，這個女人⋯⋯/如果時間在此刻停下/我可以暫時逃跑一下嗎？,2024/01/21
臨時劫案,2024/01/23
劇場版 轉生成女性向遊戲只有毀滅 END 的壞人大小姐,2024/01/25
金派特攻隊,2024/01/26
邪妓,2024/01/26
源生罪,2024/01/26
醉鄉民謠,2024/01/26
去唱卡拉OK吧！,2024/01/26
情慾的界線,2024/01/26
莫斯科行動,2024/01/26
拯救嫌疑人,2024/01/26
飛鴨向前衝,2024/01/27
墜惡真相,2024/01/27
還錢,2024/01/27
機密特務:阿蓋爾,2024/01/31
鬼太郎誕生：咯咯咯之謎,2024/02/01
歡迎光臨黑手黨餐廳,2024/02/02
愛愛愛上你,2024/02/02
火上鍋,2024/02/02
戰地琴人,2024/02/02
在路上男情難未了,2024/02/02
不完美的愛情革命,2024/02/02
佩佩的電影派對（國語版）,2024/02/03
"Fukuyama Masaharu Live Film Kotodama no Sakiwau Natsu ""Boy Meets The Music"" @Nippon Budokan 2023",2024/02/06
外星+人2：回到未來,2024/02/07
七月返歸,2024/02/07
夢想集中營,2024/02/08
可憐的東西,2024/02/08
《少女與戰車 最終章》 第４話,2024/02/08
小子,2024/02/08
蜘蛛夫人,2024/02/14
再見機器人,2024/02/14
天眼救援,2024/02/16
鬼燭靈,2024/02/16
上流誘惑,2024/02/16
失控教室,2024/02/21
日日好狗日,2024/02/23
蓋世怪胎,2024/02/23
鬼影直播,2024/02/23
唐人街恰恰,2024/02/23
給我個機會,2024/02/23
「鬼滅之刃」 絆之奇蹟，邁向柱訓練,2024/02/23
鐵道員,2024/02/23
逆轉廢材人生,2024/02/24
悲情城市,2024/02/25
法庭遊戲,2024/02/26
飯戲攻心2,2024/02/28
沙丘：第二部,2024/02/28
鬼怨偶,2024/03/01
滯留生,2024/03/01
師情化慾,2024/03/01
雙面薇若妮卡 經典數位修復,2024/03/01
極限長征,2024/03/06
天使之心,2024/03/07
破墓,2024/03/08
BTOB,2024/03/08
反貪風暴之加密危機,2024/03/08
兩萬種蜜蜂,2024/03/08
電影版 X光室的奇蹟,2024/03/08
金門,2024/03/08
尋找小津,2024/03/11
不是你不愛你,2024/03/14
北極百貨的秋乃小姐,2024/03/14
青春18×2 通往有你的旅程,2024/03/14
下女的誘惑 經典重映,2024/03/15
城市時裝速記,2024/03/15
伏慄熊,2024/03/15
雷鬼之父：音樂無國界,2024/03/15
尋找湯德章,2024/03/15
笨鳥,2024/03/15
雞蛋和石頭,2024/03/16
惡獸之戰,2024/03/22
最後一次的生日派對,2024/03/22
盛夏最溫暖的初戀,2024/03/22
詩,2024/03/22
魔鬼剋星：冰天凍地,2024/03/22
鬼聖胎,2024/03/22
自由協議,2024/03/22
看到靈魂的那隻眼 師公,2024/03/22
（真）新的一天,2024/03/22
功夫熊貓 4,2024/03/23
GIVEN被贈與的未來劇場版：柊mix,2024/03/23
但願人長久,2024/03/26
哥吉拉與金剛 : 新帝國,2024/03/27
Strike！娜英,2024/03/29
鬼面女,2024/03/29
填詞L,2024/03/29
老橡樹酒館,2024/03/29
老鬼當家,2024/03/29
彼岸的真相,2024/03/29
親愛的愛莉絲,2024/03/29
特別總集篇 名偵探柯南 vs. 怪盜基德(日語版),2024/03/29
冰室蓮司：日本統一 台灣篇,2024/03/29
蜜鑰,2024/03/29
石門,2024/03/29
超人力霸王布雷薩 THE MOVIE：大怪獸東京決戰,2024/03/30
白晝如焚,2024/04/02
屍咒,2024/04/03
超危險警探,2024/04/03
天魔：惡之初,2024/04/03
劇場版 森林家族 來自芙蕾雅的禮物 中文版,2024/04/03
莎莉,2024/04/03
瓊拜雅：三重人格,2024/04/05
電影版 吹響吧！上低音號～莉茲與青鳥～,2024/04/05
東京公園,2024/04/05
SUGA | Agust D TOUR ‘D-DAY’ THE MOVIE,2024/04/10
怪物樵夫,2024/04/11
再愛一次,2024/04/12
窒命危機,2024/04/12
紀伯倫哈利勒：先知,2024/04/12
禁忌之慾,2024/04/12
無法融化的祕密,2024/04/12
劇場版 排球少年!! 垃圾場的決戰,2024/04/12
搬家 4K數位修復版,2024/04/12
OUT,2024/04/12
自戀男神,2024/04/12
偶慾,2024/04/12
非紳士特攻隊,2024/04/16
機動戰士鋼彈 SEED FREEDOM,2024/04/16
神鬼對決,2024/04/19
盜墓奇美拉,2024/04/19
噬血芭蕾,2024/04/19
瑪格麗特戀習題,2024/04/19
日安，朵朵,2024/04/19
給我愛過的前任們,2024/04/19
孤島診療所2022,2024/04/19
鬼天廈,2024/04/19
屍控大賣場,2024/04/23
aespa: WORLD TOUR in Cinemas,2024/04/24
特技玩家,2024/04/24
愛離巢,2024/04/24
不丹沒有槍,2024/04/25
犯罪都市4,2024/04/26
如果我可以冬眠,2024/04/26
邪厄恩典,2024/04/26
非關性愛,2024/04/26
全境炸裂,2024/04/26
背德迷情,2024/04/26
帝國浩劫：美國內戰,2024/04/29
錢不夠用3：全部夠用,2024/04/30
大發明家,2024/04/30
貓的報恩(日文版),2024/04/30
挑戰者,2024/05/01
蜘蛛驚,2024/05/01
少年的漂浪旅程,2024/05/03
慾望的盡頭,2024/05/03
長夜盡頭的微光,2024/05/04
熊出沒．伴我“熊芯”,2024/05/07
猩球崛起：王國誕生,2024/05/08
惡鄰羅曼史,2024/05/10
鬼妻塚,2024/05/10
假面騎士 THE WINTER MOVIE- 葛查多 & GEATS 最強克米GOTCHA大作戰,2024/05/10
短句之國,2024/05/10
我在這裡等你,2024/05/10
幻幻之交,2024/05/11
Silent Love,2024/05/11
夏日的文化洋行,2024/05/14
全面監視,2024/05/17
如果可以再死一次,2024/05/17
九龍城寨之圍城,2024/05/17
小熊維尼2：噬血維尼,2024/05/17
滅世男孩,2024/05/17
日落喜劇,2024/05/17
鴉色刑事組電影版,2024/05/17
魯邦三世 卡里奧斯特羅城 4K數位修復版,2024/05/17
BLOODY ESCAPE：地獄的逃走劇,2024/05/17
沉默筆錄,2024/05/17
刀劍亂舞 迴 -虛傳 燃燒的本能寺- 【前篇】,2024/05/19
芙莉歐莎：瘋狂麥斯傳奇篇章,2024/05/22
不存在的騎士,2024/05/24
踹你死功夫,2024/05/24
馬奎斯之愛與群魔,2024/05/24
來世還作人,2024/05/24
再見哥雅：卡葉爾與布紐爾的最後巡禮,2024/05/24
布紐爾:超現實電影人,2024/05/24
鬼舞村：詛咒起源,2024/05/24
愛情本性論,2024/05/24
花芯蕩漾,2024/05/24
蘇維埃巴士站,2024/05/24
她說,2024/05/24
以愛之茗,2024/05/24
遠方 數位修復版,2024/05/24
被遺忘的人,2024/05/25
特莉絲坦娜,2024/05/25
假面騎士555 20th 復活的天堂,2024/05/25
女僕日記,2024/05/26
青樓怨婦,2024/05/26
朦朧的慾望,2024/05/26
柏格曼的幽靈,2024/05/27
馬奎斯如何成為馬奎斯,2024/05/27
泯滅天使,2024/05/28
安達魯之犬,2024/05/29
自由的幻影,2024/05/30
波紋,2024/05/30
她死了,2024/05/31
嗜殺路人甲,2024/05/31
當殺手戀愛時,2024/05/31
怒火狂猴,2024/05/31
失憶殺神,2024/05/31
那日清晨真令人感到空虛,2024/05/31
八戒,2024/05/31
環南時候,2024/05/31
中產階級拘謹的魅力,2024/06/01
維莉狄雅娜,2024/06/02
刀劍亂舞 迴 -虛傳 燃燒的本能寺- 【後篇】,2024/06/02
明天我就不幹了！,2024/06/03
絕地戰警：生死與共,2024/06/05
窺探者,2024/06/06
超完美暗殺隊,2024/06/07
加菲貓：農場大冒險,2024/06/07
鬼咧號,2024/06/07
星之聲,2024/06/07
春畫先生,2024/06/07
睏寐之際,2024/06/07
腦筋急轉彎2,2024/06/13
屍油降,2024/06/14
逃出狂鯊島,2024/06/14
鬼氣球,2024/06/14
宮殿大飯店,2024/06/14
承諾大海的老師,2024/06/14
完美配對謀殺案,2024/06/14
托芙的房間,2024/06/14
孤獨搖滾！團結Band LIVE-恆星-,2024/06/15
黑水巷,2024/06/18
客人主人,2024/06/19
亡命機劫,2024/06/21
媽的人生願望,2024/06/21
金孫爆富攻略,2024/06/21
分期付款愛上你,2024/06/21
全個世界都有電話,2024/06/21
救援生死線,2024/06/21
萬事通大全,2024/06/21
紅色房間,2024/06/21
雲之彼端，約定的地方,2024/06/21
麥可傑克森：未來的未來演唱會電影,2024/06/25
噤界：入侵日,2024/06/26
60分鐘亡命直播,2024/06/28
金髮毒藥,2024/06/28
鬼厄犬,2024/06/28
忙愛不如盲婚,2024/06/28
超級殺,2024/06/28
瑪麗亞‧蒙特梭利,2024/06/28
名偵探柯南 100萬美元的五稜星,2024/06/28
破浪男女,2024/06/28
角落小夥伴電影版：奇幻的玩具工廠,2024/06/29
神偷奶爸 4,2024/07/03
異國日記,2024/07/03
找死凶宅,2024/07/05
彼此的日子 In Our Day,2024/07/05
56種喝采,2024/07/05
教宗家的小兒子,2024/07/05
猛鬼聲泣泣,2024/07/05
海關戰線,2024/07/05
秒速5公分,2024/07/05
荒蕪之地．應許之心,2024/07/05
我想和你在一起,2024/07/05
飛月情海,2024/07/10
DDDD惡魔的破壞 前編,2024/07/10
好人赫德（英國國家劇院現場）,2024/07/11
鳥,2024/07/12
長腿,2024/07/12
電影哆啦A夢：大雄的地球交響樂,2024/07/12
劇場版 藍色監獄 -EPISODE 凪-,2024/07/12
愛的噩夢,2024/07/12
前途海量,2024/07/12
血繼,2024/07/14
凡尼亞（英國國家劇院現場）,2024/07/16
寂噤計畫,2024/07/17
龍捲風暴,2024/07/17
時髦女子,2024/07/19
人道主義吸血鬼徵求自願獻身者,2024/07/19
在那開滿花的山丘，我想見到妳,2024/07/19
嘎啦,2024/07/19
阿姨，上學囉！,2024/07/19
大室家-親愛的朋友,2024/07/20
人類之巔3,2024/07/22
驀然回首,2024/07/22
激情年代（英國國家劇院現場）,2024/07/23
塔羅牌,2024/07/24
死侍與金鋼狼,2024/07/24
DDDD惡魔的破壞 後編,2024/07/24
她們的盛夏微愛,2024/07/26
劇場總集篇 孤獨搖滾！Re:,2024/07/26
四月，她將到來。,2024/07/26
追逐繁星的孩子,2024/07/26
不死戀人,2024/07/26
大室家-親愛的姊妹,2024/07/26
新封神榜：楊戩,2024/07/26
熊貓大冒險,2024/07/28
致英格蘭（英國國家劇院現場）,2024/07/30
BLACKPINK WORLD TOUR [BORN PINK] IN CINEMAS,2024/07/31
圈套,2024/08/01
絕地逃生,2024/08/02
怨泊,2024/08/02
不羈騎士,2024/08/02
農民：愛慾情謎,2024/08/02
熱血搜救隊：翻轉世界,2024/08/02
劇場版 賽馬娘Pretty Derby：新時代之門,2024/08/02
電影版屁屁偵探：再見親愛的夥伴，屁屁啊,2024/08/02
夏日的檸檬草,2024/08/02
我父英風,2024/08/02
失速芭蕾,2024/08/05
怪奇家族,2024/08/07
鬼才之道,2024/08/07
OZONE 青春冒險,2024/08/07
九命貓的奇幻旅程,2024/08/08
情慾出走的女人,2024/08/09
邊緣禁地,2024/08/09
狗狗歌劇院(中配版),2024/08/09
言葉之庭,2024/08/09
森之聲：猩火燎原,2024/08/11
異形：羅穆路斯,2024/08/14
暹羅詛咒,2024/08/16
天生女王,2024/08/16
狸太怨,2024/08/16
電影蠟筆小新：我們的恐龍日記,2024/08/16
最後一擊,2024/08/16
角頭-大橋頭,2024/08/16
戀戀風塵（數位修復版）,2024/08/17
自白,2024/08/19
SEVENTEEN TOUR 'FOLLOW' AGAIN TO CINEMAS,2024/08/21
派對咖孔明 Road to Summer Sonia,2024/08/21
求救眨眨眼,2024/08/22
變身機長,2024/08/23
跳越時空的愛戀,2024/08/23
催眠,2024/08/23
到我們為止,2024/08/23
末日倒數12小時,2024/08/23
誰殺了比利比莉,2024/08/23
刀劍亂舞 迴 -旋傳 親近的侍從們-,2024/08/25
XIA CONCERT MOVIE CHAPTER 1：RECREATION,2024/08/30
我們還有明天,2024/08/30
哈囉！萌鬼屋,2024/08/30
龍族戰神：重生,2024/08/30
國有器官,2024/08/30
詭異之家,2024/08/30
其後,2024/08/30
藍色假期,2024/08/30
愛情城事,2024/08/30
滿七,2024/08/30
宛如阿修羅,2024/08/31
家族遊戲,2024/08/31
廚房,2024/08/31
如此這般,2024/08/31
春天情書,2024/09/01
未來的回憶,2024/09/01
黑暗之家,2024/09/01
我來買單,2024/09/02
小孩不笨3,2024/09/03
不思議女人,2024/09/03
我的夏日旅行,2024/09/03
陰間大法師 BEETLEJUICE,2024/09/05
aespa: MY First page,2024/09/06
湄公河水鬼,2024/09/06
猛鬼大學：邪無止禁,2024/09/06
巴黎頌紐約情,2024/09/06
導演你有病,2024/09/06
穿著旗袍的女孩,2024/09/06
200%小狼人,2024/09/07
三日月和貓,2024/09/11
鬼花園 : 詛咒,2024/09/13
警賊黑白衝,2024/09/13
流浪吉普賽,2024/09/13
荒野心家園,2024/09/13
變形金剛：源起,2024/09/13
邪惡勿語,2024/09/13
超完美家政婦,2024/09/13
你的名字。,2024/09/13
老師的善意謊言,2024/09/13
恐怖份子（數位修復版）,2024/09/14
JUNG KOOK: I AM STILL,2024/09/18
首爾單身日記,2024/09/20
流氓驅魔師,2024/09/20
屍控戰場,2024/09/20
惡業,2024/09/20
可恨的初戀！,2024/09/20
歡迎菜老師,2024/09/20
魔女荷莉,2024/09/20
我的英雄學院劇場版：You’re Next,2024/09/20
我心裡的太陽,2024/09/20
我的一夜騎士,2024/09/20
我變笨了，請多多指教：媽媽 歡迎回來,2024/09/20
種土,2024/09/20
台北追緝令,2024/09/25
《劇場版 SUPER WINGS：究極加速》,2024/09/27
那年夏天，想見妳,2024/09/27
薩滿男孩,2024/09/27
千萬別放手,2024/09/27
超時空愛殺,2024/09/27
薇娜：死後七日,2024/09/27
在大雪封閉的山莊裡,2024/09/27
不朽之櫻,2024/09/27
雪水消融的季節,2024/09/27
台北十日,2024/09/27
武替道,2024/09/30
血色之路,2024/10/01
小丑：雙重瘋狂,2024/10/02
再見，福寶,2024/10/04
當我的指尖觸碰到你的溫度時,2024/10/04
飛鳥總動員,2024/10/04
布勒合唱團：直到盡頭,2024/10/04
地獄怪客：歪曲人的詛咒,2024/10/04
擅長捉弄人的高木同學 電影版,2024/10/04
麵包超人電影版：細菌人與繪本的露露,2024/10/04
藍色時期,2024/10/05
太陽王與人魚：新帝國,2024/10/09
危機航線,2024/10/09
愛殺特攻隊,2024/10/10
荒野機器人,2024/10/10
鬼袋人,2024/10/10
逃出搶錢鎮,2024/10/10
劇場總集篇 孤獨搖滾！Re:Re:,2024/10/10
與夢前行  宮﨑駿,2024/10/10
銀魂劇場版 2D  荊棘惡童篇,2024/10/10
小雁與吳愛麗,2024/10/10
念念眷村：文學裡的眷村故事,2024/10/10
JUNG KOOK: I AM STILL THE PARTY EDITION,2024/10/11
TAEYONG: TY TRACK IN CINEMAS,2024/10/16
辣手警探2,2024/10/18
惡夢偵相,2024/10/18
懼裂,2024/10/18
微笑 2,2024/10/18
孤狼救援,2024/10/18
鄰家密友,2024/10/18
銀魂劇場版 2D 一國傾城篇,2024/10/18
陰陽師0,2024/10/18
默殺：無聲之地,2024/10/18
雪中真相,2024/10/18
樂一通大戰外星人：粉紅末日,2024/10/19
風之谷,2024/10/19
猛毒最終章：最後一舞,2024/10/23
皇后復仇中,2024/10/25
鬼禁地,2024/10/25
地獄灰姑娘,2024/10/25
劊樂小丑3,2024/10/25
白南準：月亮是最古早的電視,2024/10/25
真愛未了情,2024/10/25
鋼之鍊金術師BROTHERHOOD 15週年特別版,2024/10/25
巡演轉學生,2024/10/25
日本人的養成,2024/10/25
從水深0米開始,2024/10/25
乒乓男孩,2024/10/25
為我辦一場西式的喪禮,2024/10/25
十字路口的豬,2024/10/25
生活瑣事,2024/10/26
熟男不疑惑,2024/10/26
當警探戀愛時,2024/10/27
鬼聲泣2,2024/10/31
劊樂小丑2,2024/10/31
劊樂小丑,2024/10/31
非普通家族,2024/11/01
草迷宮恐怖殺人事件,2024/11/01
布勒合唱團：溫布利球場演唱會,2024/11/01
超／人：克里斯多夫李維傳奇故事,2024/11/01
劇場版 OVERLORD - 聖王國篇,2024/11/01
刀劍神域劇場版-序列爭戰,2024/11/01
仇雲殺機,2024/11/01
鬼們之蝴蝶大廈,2024/11/01
愛子歸來,2024/11/01
罪惡對決,2024/11/02
保羅‧賽門：無眠樂章,2024/11/02
紅色一號,2024/11/07
在熙的男，朋友,2024/11/08
幸福國度,2024/11/08
靠近維梅爾,2024/11/08
荊棘天堂,2024/11/08
焚城,2024/11/08
幕前幕後：范克萊本鋼琴大賽,2024/11/08
霸愛之路,2024/11/08
成為星星的少女,2024/11/08
五等分的新娘*,2024/11/08
來生再見未名的我們,2024/11/08
黑之牛,2024/11/08
我談的那場戀愛,2024/11/11
神鬼戰士 2,2024/11/14
"HIGHLIGHT “LIGHTS GO ON, AGAIN” IN CINEMA",2024/11/15
薩滿新娘,2024/11/15
羅素克洛之大法師,2024/11/15
驚爆封鎖線,2024/11/15
噠噠噠達利,2024/11/15
福田村事件,2024/11/15
餘燼,2024/11/15
默視錄,2024/11/15
破·地獄,2024/11/19
魔法壞女巫,2024/11/21
心葬,2024/11/22
FIGHTING！女孩們,2024/11/22
鬼碟仙,2024/11/22
來自地獄的邪靈,2024/11/22
殺,2024/11/22
偶像大師 劇場版: 前往光輝的另一端 經典10週年,2024/11/22
難言之隱,2024/11/22
惡靈怪談,2024/11/22
空海 【經典數位修復】,2024/11/22
女兒的女兒,2024/11/22
春行,2024/11/22
海洋奇緣2,2024/11/28
Baekhyun: Lonsdaleite [dot] in Cinemas,2024/11/29
富豪遊戲,2024/11/29
隔壁的房間,2024/11/29
異教詭屋,2024/11/29
艾曼紐1974 4K修復版導演版,2024/11/29
絕命樂透彩,2024/11/29
地下終劫站,2024/11/29
我最喜歡的蛋糕,2024/11/29
終極制裁者,2024/11/30
由島至島（上）,2024/11/30
由島至島,2024/11/30
"RM:Right People, Wrong Place",2024/12/05
聽說,2024/12/06
從今以後,2024/12/06
Laufey's A Night at the Symphony: Hollywood Bowl,2024/12/06
艾諾拉,2024/12/06
全力揮擊,2024/12/06
風流西班牙: 摩洛哥情事,2024/12/06
消失的豪門妻,2024/12/06
沙奈：詛咒之歌,2024/12/06
台灣超人,2024/12/06
鳳姐,2024/12/06
傷痕-老兵的故事,2024/12/06
八犬傳,2024/12/07
赤羽骨子的秘密保鑣,2024/12/08
NCT DREAM Mystery Lab: DREAM( )SCAPE in Cinemas,2024/12/11
我獨自升級：二次覺醒,2024/12/11
再見了！茱莉亞,2024/12/13
窺鏡,2024/12/13
邪體：鬼拼屠,2024/12/13
旅人所嚮,2024/12/13
這就是聖誕節,2024/12/13
404宿靈速速逃,2024/12/13
獵人克萊文,2024/12/13
惡狼年代,2024/12/13
艾曼紐2024,2024/12/13
石榴的顏色,2024/12/13
風都偵探 假面騎士SKULL的肖象,2024/12/13
黑箱日記,2024/12/13
優雅的相遇,2024/12/13
平克佛洛伊德：迷牆,2024/12/14
靈魂的重量,2024/12/14
東京戰爭戰後秘語,2024/12/14
藥頭悲歌II：血染雙手,2024/12/15
藥頭悲歌,2024/12/15
藥頭悲歌III：死神上門,2024/12/15
珍妮德爾曼,2024/12/16
響亮心重奏,2024/12/18
吶喊雷克雅維克,2024/12/18
PTP：永遠不滅,2024/12/18
愛與怒,2024/12/19
獅子王：木法沙,2024/12/19
納米比亞沙漠直播中,2024/12/19
恐怖日常怪談,2024/12/20
末世生存者,2024/12/20
靈寓,2024/12/20
手榴彈‧革命‧還有愛與詩,2024/12/20
安眠殺機,2024/12/20
LAST MILE：全面引爆,2024/12/20
殺人結業弒,2024/12/20
薔薇與武士2：海盜女王的回歸（新感線舞台劇第四季）,2024/12/20
一部未完成的電影,2024/12/20
男歡女愛,2024/12/21
雨中的慾情,2024/12/22
魔戒：洛汗人之戰,2024/12/24
交換禮物,2024/12/25
爸爸,2024/12/26
IVE The 1st World Tour in Cinema,2024/12/27
EPIK HIGH 20 THE MOVIE,2024/12/27
鬼妹,2024/12/27
死命必達,2024/12/27
你是我眼中的那道光,2024/12/27
模範生禁愛秘密,2024/12/27
美妙寵物 光之美少女電影: 心跳加速♡遊戲世界大冒險！,2024/12/27
非想非非想,2024/12/27
曦曦,2024/12/27
戰火浮生錄,2024/12/28
狐晴明九尾狩（新感線舞台劇第四季）,2024/12/28
死亡日記,2024/12/29
刺心切骨,2024/12/29
劇場版「進擊的巨人」完結篇THE LAST ATTACK,2025/01/03
故事 開始的地方—希望閱讀,2025/01/03
