id,movie_page_url,file_path
0,https://boxofficetw.tfai.org.tw/search/7780/%E8%88%87%E7%A5%9E%E5%90%8C%E8%A1%8C,data\box_office\by_id\000.json
1,https://boxofficetw.tfai.org.tw/search/9575/%E8%88%87%E7%A5%9E%E5%90%8C%E8%A1%8C%EF%BC%9A%E6%9C%80%E7%B5%82%E5%AF%A9%E5%88%A4,data\box_office\by_id\001.json
2,https://boxofficetw.tfai.org.tw/search/3091/%E5%B1%8D%E9%80%9F%E5%88%97%E8%BB%8A,data\box_office\by_id\002.json
3,https://boxofficetw.tfai.org.tw/search/16511/%E5%B1%8D%E9%80%9F%E5%88%97%E8%BB%8A%EF%BC%9A%E6%84%9F%E6%9F%93%E5%8D%8A%E5%B3%B6,data\box_office\by_id\003.json
4,https://boxofficetw.tfai.org.tw/search/13290/%E5%AF%84%E7%94%9F%E4%B8%8A%E6%B5%81,data\box_office\by_id\004.json
5,https://boxofficetw.tfai.org.tw/search/12361/%E9%9B%9E%E4%B8%8D%E5%8F%AF%E5%A4%B1,data\box_office\by_id\005.json
6,https://boxofficetw.tfai.org.tw/search/15205/%E7%99%BD%E9%A0%AD%E5%B1%B1%EF%BC%9A%E5%8D%8A%E5%B3%B6%E6%B5%A9%E5%8A%AB,data\box_office\by_id\006.json
7,https://boxofficetw.tfai.org.tw/search/26856/%E7%A0%B4%E5%A2%93,data\box_office\by_id\007.json
8,https://boxofficetw.tfai.org.tw/search/6318/%E8%BB%8D%E8%89%A6%E5%B3%B6,data\box_office\by_id\008.json
9,https://boxofficetw.tfai.org.tw/search/19169/%E8%96%A9%E6%BB%BF,data\box_office\by_id\009.json
10,https://boxofficetw.tfai.org.tw/search/9034/%E5%86%A0%E8%BB%8D%E5%A4%A7%E5%8F%94,data\box_office\by_id\010.json
11,https://boxofficetw.tfai.org.tw/search/21945/%E7%B7%8A%E6%80%A5%E8%BF%AB%E9%99%8D,data\box_office\by_id\011.json
12,https://boxofficetw.tfai.org.tw/search/18052/%E6%B0%B8%E7%94%9F%E6%88%B0,data\box_office\by_id\012.json
13,https://boxofficetw.tfai.org.tw/search/27237/%E7%8A%AF%E7%BD%AA%E9%83%BD%E5%B8%824,data\box_office\by_id\013.json
14,https://boxofficetw.tfai.org.tw/search/6317/%E6%88%91%E5%8F%AA%E6%98%AF%E5%80%8B%E8%A8%88%E7%A8%8B%E8%BB%8A%E5%8F%B8%E6%A9%9F,data\box_office\by_id\014.json
15,https://boxofficetw.tfai.org.tw/search/11169/90%E5%88%86%E9%90%98%E6%9C%AB%E6%97%A5%E5%80%92%E6%95%B8,data\box_office\by_id\015.json
16,https://boxofficetw.tfai.org.tw/search/16507/%E7%BF%BB%E4%BE%9B,data\box_office\by_id\016.json
17,https://boxofficetw.tfai.org.tw/search/28361/SEVENTEEN%20TOUR%20'FOLLOW'%20AGAIN%20TO%20CINEMAS,data\box_office\by_id\017.json
18,https://boxofficetw.tfai.org.tw/search/14825/82%E5%B9%B4%E7%94%9F%E7%9A%84%E9%87%91%E6%99%BA%E8%8B%B1,data\box_office\by_id\018.json
19,https://boxofficetw.tfai.org.tw/search/15417/%E8%B6%85%22%E4%BA%BA%22%E6%B0%A3%E5%8B%95%E7%89%A9%E5%9C%92,data\box_office\by_id\019.json
20,https://boxofficetw.tfai.org.tw/search/13748/%E6%A5%B5%E9%99%90%E9%80%83%E7%94%9F,data\box_office\by_id\020.json
21,https://boxofficetw.tfai.org.tw/search/13068/%E6%A5%B5%E6%83%A1%E5%B0%8D%E6%B1%BA,data\box_office\by_id\021.json
22,https://boxofficetw.tfai.org.tw/search/13693/%E9%A9%85%E9%AD%94%E4%BD%BF%E8%80%85,data\box_office\by_id\022.json
23,https://boxofficetw.tfai.org.tw/search/28784/%E5%86%8D%E8%A6%8B%EF%BC%8C%E7%A6%8F%E5%AF%B6,data\box_office\by_id\023.json
24,https://boxofficetw.tfai.org.tw/search/16833/%E7%89%B9%E5%8B%99%E6%90%9E%E9%A3%9B%E6%A9%9F,data\box_office\by_id\024.json
25,https://boxofficetw.tfai.org.tw/search/8501/%E9%AC%BC%E7%97%85%E9%99%A2%EF%BC%9A%E9%9D%88%E7%95%B0%E7%9B%B4%E6%92%AD,data\box_office\by_id\025.json
26,https://boxofficetw.tfai.org.tw/search/24516/%E7%8A%AF%E7%BD%AA%E9%83%BD%E5%B8%823,data\box_office\by_id\026.json
27,https://boxofficetw.tfai.org.tw/search/22241/%E6%A9%9F%E5%AF%86%E5%90%8C%E7%9B%9F2,data\box_office\by_id\027.json
28,https://boxofficetw.tfai.org.tw/search/25092/%E6%B0%B4%E6%B3%A5%E7%83%8F%E6%89%98%E9%82%A6%EF%BC%9A%E6%9C%AB%E6%97%A5%E6%B5%A9%E5%8A%AB,data\box_office\by_id\028.json
29,https://boxofficetw.tfai.org.tw/search/16643/%E9%8B%BC%E9%90%B5%E9%9B%A8%EF%BC%9A%E6%B7%B1%E6%BD%9B%E8%A1%8C%E5%8B%95,data\box_office\by_id\029.json
30,https://boxofficetw.tfai.org.tw/search/23147/%E9%9F%B3%E7%88%86%E6%B5%A9%E5%8A%AB,data\box_office\by_id\030.json
31,https://boxofficetw.tfai.org.tw/search/8322/%E9%9B%A8%E5%A6%B3%E5%86%8D%E6%AC%A1%E7%9B%B8%E9%81%87,data\box_office\by_id\031.json
32,https://boxofficetw.tfai.org.tw/search/22479/%E6%A8%82%E9%80%8F%E5%A4%A7%E4%BD%9C%E6%88%B0,data\box_office\by_id\032.json
33,https://boxofficetw.tfai.org.tw/search/21736/%E9%AD%94%E5%A5%B3%E4%BA%8C%E9%83%A8%E6%9B%B2%EF%BC%9A%E5%8F%A6%E4%B8%80%E5%80%8B%E5%A5%B9,data\box_office\by_id\033.json
34,https://boxofficetw.tfai.org.tw/search/27809/%E4%BA%A1%E5%91%BD%E6%A9%9F%E5%8A%AB,data\box_office\by_id\034.json
35,https://boxofficetw.tfai.org.tw/search/28112/BLACKPINK%20WORLD%20TOUR%20[BORN%20PINK]%20IN%20CINEMAS,data\box_office\by_id\035.json
36,https://boxofficetw.tfai.org.tw/search/16915/%E6%95%B4%E5%AE%B9%E6%B6%B2,data\box_office\by_id\036.json
37,https://boxofficetw.tfai.org.tw/search/12384/%E8%AD%89%E4%BA%BA,data\box_office\by_id\037.json
38,https://boxofficetw.tfai.org.tw/search/21615/%E5%AC%B0%E5%85%92%E8%BD%89%E9%81%8B%E7%AB%99,data\box_office\by_id\038.json
39,https://boxofficetw.tfai.org.tw/search/19186/%E5%A4%A9%E5%9D%91,data\box_office\by_id\039.json
40,https://boxofficetw.tfai.org.tw/search/28010/%E5%AF%82%E5%99%A4%E8%A8%88%E7%95%AB,data\box_office\by_id\040.json
41,https://boxofficetw.tfai.org.tw/search/10561/%E5%B1%8D%E8%90%BD%E4%B9%8B%E5%9F%8E,data\box_office\by_id\041.json
42,https://boxofficetw.tfai.org.tw/search/13706/BRING%20THE%20SOUL:%20THE%20MOVIE,data\box_office\by_id\042.json
43,https://boxofficetw.tfai.org.tw/search/28349/%E8%AE%8A%E8%BA%AB%E6%A9%9F%E9%95%B7,data\box_office\by_id\043.json
44,https://boxofficetw.tfai.org.tw/search/15495/%E5%A4%A7%E7%95%AB%E7%89%B9%E5%8B%99,data\box_office\by_id\044.json
45,https://boxofficetw.tfai.org.tw/search/21222/%E7%8A%AF%E7%BD%AA%E9%83%BD%E5%B8%822,data\box_office\by_id\045.json
46,https://boxofficetw.tfai.org.tw/search/23589/BTS:%20YET%20TO%20COME%20IN%20CINEMAS,data\box_office\by_id\046.json
47,https://boxofficetw.tfai.org.tw/search/16514/%E5%8C%97%E6%B5%B7%E5%B0%8F%E8%8B%B1%E9%9B%84,data\box_office\by_id\047.json
48,https://boxofficetw.tfai.org.tw/search/25771/%E6%88%91%E7%9A%84%E5%AE%8C%E7%BE%8E%E6%97%A5%E5%B8%B8,data\box_office\by_id\048.json
49,https://boxofficetw.tfai.org.tw/search/2619/%E5%AE%89%E5%A8%9C%E8%8F%AF%E7%89%B9-%E8%A4%87%E5%AF%A9,data\box_office\by_id\049.json
50,https://boxofficetw.tfai.org.tw/search/16621/%E5%88%9D%E5%BF%83,data\box_office\by_id\050.json
51,https://boxofficetw.tfai.org.tw/search/28461/%E6%B9%84%E5%85%AC%E6%B2%B3%E6%B0%B4%E9%AC%BC,data\box_office\by_id\051.json
52,https://boxofficetw.tfai.org.tw/search/15392/%E5%8F%A4%E6%9B%BC%E7%AB%A5,data\box_office\by_id\052.json
53,https://boxofficetw.tfai.org.tw/search/26140/%E5%AF%8C%E9%83%BD%E9%9D%92%E5%B9%B4,data\box_office\by_id\053.json
54,https://boxofficetw.tfai.org.tw/search/6144/%E6%A8%A1%E7%8A%AF%E7%94%9F,data\box_office\by_id\054.json
55,https://boxofficetw.tfai.org.tw/search/26543/%E9%AC%BC%E8%81%B2%E6%B3%A3,data\box_office\by_id\055.json
56,https://boxofficetw.tfai.org.tw/search/6950/%E5%B1%8D%E7%B4%84,data\box_office\by_id\056.json
57,https://boxofficetw.tfai.org.tw/search/27654/%E9%87%91%E5%AD%AB%E7%88%86%E5%AF%8C%E6%94%BB%E7%95%A5,data\box_office\by_id\057.json
58,https://boxofficetw.tfai.org.tw/search/24311/%E9%82%AA%E5%8E%84,data\box_office\by_id\058.json
59,https://boxofficetw.tfai.org.tw/search/12411/%E9%99%90%E6%99%82%E5%A5%BD%E5%8F%8B,data\box_office\by_id\059.json
60,https://boxofficetw.tfai.org.tw/search/10739/%E8%8A%AE%E6%B0%8F9.6,data\box_office\by_id\060.json
61,https://boxofficetw.tfai.org.tw/search/15093/%E8%91%89%E5%95%8F4%EF%BC%9A%E5%AE%8C%E7%B5%90%E7%AF%87,data\box_office\by_id\061.json
62,https://boxofficetw.tfai.org.tw/search/2765/%E5%AF%92%E6%88%B02,data\box_office\by_id\062.json
63,https://boxofficetw.tfai.org.tw/search/17915/%E6%8B%86%E5%BD%88%E5%B0%88%E5%AE%B62,data\box_office\by_id\063.json
64,https://boxofficetw.tfai.org.tw/search/27383/%E4%B9%9D%E9%BE%8D%E5%9F%8E%E5%AF%A8%E4%B9%8B%E5%9C%8D%E5%9F%8E,data\box_office\by_id\064.json
65,https://boxofficetw.tfai.org.tw/search/4591/%E6%93%BA%E6%B8%A1%E4%BA%BA(%E6%95%B8%E4%BD%8D2D%E7%89%88),data\box_office\by_id\065.json
66,https://boxofficetw.tfai.org.tw/search/6723/%E8%BF%BD%E9%BE%8D,data\box_office\by_id\066.json
67,https://boxofficetw.tfai.org.tw/search/10281/%E7%84%A1%E9%9B%99,data\box_office\by_id\067.json
68,https://boxofficetw.tfai.org.tw/search/13362/%E6%8E%83%E6%AF%922%20%E5%A4%A9%E5%9C%B0%E5%B0%8D%E6%B1%BA,data\box_office\by_id\068.json
69,https://boxofficetw.tfai.org.tw/search/26471/%E9%87%91%E6%89%8B%E6%8C%87,data\box_office\by_id\069.json
70,https://boxofficetw.tfai.org.tw/search/2922/%E5%8D%B1%E5%9F%8E,data\box_office\by_id\070.json
71,https://boxofficetw.tfai.org.tw/search/26510/%E6%BD%9B%E8%A1%8C,data\box_office\by_id\071.json
72,https://boxofficetw.tfai.org.tw/search/10915/%E8%91%89%E5%95%8F%E5%A4%96%E5%82%B3%EF%BC%9A%E5%BC%B5%E5%A4%A9%E5%BF%97,data\box_office\by_id\072.json
73,https://boxofficetw.tfai.org.tw/search/9679/%E5%A4%A7%E5%B8%AB%E5%85%84,data\box_office\by_id\073.json
74,https://boxofficetw.tfai.org.tw/search/8144/%E9%96%A8%E8%9C%9C%202,data\box_office\by_id\074.json
75,https://boxofficetw.tfai.org.tw/search/5339/%E5%96%9C%E6%AD%A1.%E4%BD%A0(%E6%95%B8%E4%BD%8D2D%E7%89%88),data\box_office\by_id\075.json
76,https://boxofficetw.tfai.org.tw/search/6219/%E4%BF%A0%E7%9B%9C%E8%81%AF%E7%9B%9F,data\box_office\by_id\076.json
77,https://boxofficetw.tfai.org.tw/search/5340/%E6%8B%86%E5%BD%88%E5%B0%88%E5%AE%B6,data\box_office\by_id\077.json
78,https://boxofficetw.tfai.org.tw/search/10007/%E9%BB%83%E9%87%91%E5%85%84%E5%BC%9F,data\box_office\by_id\078.json
79,https://boxofficetw.tfai.org.tw/search/5620/%E5%A4%B1%E7%9C%A0,data\box_office\by_id\079.json
80,https://boxofficetw.tfai.org.tw/search/15355/%E8%82%A5%E9%BE%8D%E9%81%8E%E6%B1%9F,data\box_office\by_id\080.json
81,https://boxofficetw.tfai.org.tw/search/6130/%E6%82%9F%E7%A9%BA%E5%82%B3,data\box_office\by_id\081.json
82,https://boxofficetw.tfai.org.tw/search/8131/%E8%A5%BF%E9%81%8A%E8%A8%98%E5%A5%B3%E5%85%92%E5%9C%8B,data\box_office\by_id\082.json
83,https://boxofficetw.tfai.org.tw/search/26612/%E8%87%A8%E6%99%82%E5%8A%AB%E6%A1%88,data\box_office\by_id\083.json
84,https://boxofficetw.tfai.org.tw/search/5328/%E6%98%A5%E5%AC%8C%E6%95%91%E5%BF%97%E6%98%8E,data\box_office\by_id\084.json
85,https://boxofficetw.tfai.org.tw/search/13187/%E8%BF%BD%E9%BE%8DII%EF%BC%9A%E8%B3%8A%E7%8E%8B,data\box_office\by_id\085.json
86,https://boxofficetw.tfai.org.tw/search/3231/%E6%B9%84%E5%85%AC%E6%B2%B3%E8%A1%8C%E5%8B%95%20(%E6%95%B8%E4%BD%8D2D%E7%89%88),data\box_office\by_id\086.json
87,https://boxofficetw.tfai.org.tw/search/12237/%E5%BB%89%E6%94%BF%E9%A2%A8%E9%9B%B2%20%E7%85%99%E5%B9%95,data\box_office\by_id\087.json
88,https://boxofficetw.tfai.org.tw/search/19859/%E6%A2%85%E8%89%B7%E8%8A%B3,data\box_office\by_id\088.json
89,https://boxofficetw.tfai.org.tw/search/3173/%E6%80%92%E7%81%AB%E5%9C%B0%E5%B9%B3%E7%B7%9A,data\box_office\by_id\089.json
90,https://boxofficetw.tfai.org.tw/search/6940/%E5%A5%AA%E9%AD%82%E9%8B%B8%EF%BC%9A%E9%81%8A%E6%88%B2%E9%87%8D%E5%95%9F,data\box_office\by_id\090.json
91,https://boxofficetw.tfai.org.tw/search/4837/%E6%84%9B%E5%9C%8B%E8%80%85%E8%A1%8C%E5%8B%95(%E6%95%B8%E4%BD%8D2D%E7%89%88),data\box_office\by_id\091.json
92,https://boxofficetw.tfai.org.tw/search/6787/%E8%8B%B1%E5%80%AB%E5%B0%8D%E6%B1%BA,data\box_office\by_id\092.json
93,https://boxofficetw.tfai.org.tw/search/20515/%E6%99%82%E4%BB%A3%E9%9D%A9%E5%91%BD,data\box_office\by_id\093.json
94,https://boxofficetw.tfai.org.tw/search/2623/%E8%B5%B0%E9%9F%B3%E5%A4%A9%E5%90%8E,data\box_office\by_id\094.json
95,https://boxofficetw.tfai.org.tw/search/3070/%E7%8E%A9%E5%91%BD%E7%9B%B4%E6%92%AD,data\box_office\by_id\095.json
96,https://boxofficetw.tfai.org.tw/search/6549/%E7%BE%8E%E5%9C%8B%E5%88%BA%E5%AE%A2,data\box_office\by_id\096.json
97,https://boxofficetw.tfai.org.tw/search/18150/%E5%99%AA%E5%8F%8D,data\box_office\by_id\097.json
98,https://boxofficetw.tfai.org.tw/search/18179/%E8%A9%90%E6%AC%BA%E5%A5%B3%E7%8E%8B,data\box_office\by_id\098.json
99,https://boxofficetw.tfai.org.tw/search/24106/%E7%B5%95%E5%9C%B0%E7%87%9F%E6%95%91,data\box_office\by_id\099.json
100,https://boxofficetw.tfai.org.tw/search/15965/%E6%9C%AB%E4%BB%A3%E7%9A%87%E5%B8%9D%EF%BC%88%E6%95%B8%E4%BD%8D%E4%BF%AE%E5%BE%A9%E7%89%88%EF%BC%89,data\box_office\by_id\100.json
101,https://boxofficetw.tfai.org.tw/search/9606/%E8%80%81%E5%A8%98%E4%B9%9F%E8%A6%81%E7%95%B6%E9%96%93%E8%AB%9C,data\box_office\by_id\101.json
102,https://boxofficetw.tfai.org.tw/search/4633/%E5%88%A5%E6%95%B2%E5%85%A9%E6%AC%A1%E9%96%80,data\box_office\by_id\102.json
103,https://boxofficetw.tfai.org.tw/search/18456/%E7%88%B6%E8%A6%AA,data\box_office\by_id\103.json
104,https://boxofficetw.tfai.org.tw/search/4709/%E6%BC%AB%E6%BC%AB%E5%9B%9E%E5%AE%B6%E8%B7%AF,data\box_office\by_id\104.json
105,https://boxofficetw.tfai.org.tw/search/12773/%E5%BE%A9%E4%BB%87%E8%80%85%E8%81%AF%E7%9B%9F:%E7%B5%82%E5%B1%80%E4%B9%8B%E6%88%B0,data\box_office\by_id\105.json
106,https://boxofficetw.tfai.org.tw/search/23322/%E9%98%BF%E5%87%A1%E9%81%94%EF%BC%9A%E6%B0%B4%E4%B9%8B%E9%81%93,data\box_office\by_id\106.json
107,https://boxofficetw.tfai.org.tw/search/21117/%E6%8D%8D%E8%A1%9B%E6%88%B0%E5%A3%AB:%20%E7%8D%A8%E8%A1%8C%E4%BF%A0,
108,https://boxofficetw.tfai.org.tw/search/5278/%E7%8E%A9%E5%91%BD%E9%97%9C%E9%A0%AD8,data\box_office\by_id\108.json
109,https://boxofficetw.tfai.org.tw/search/8592/%E5%BE%A9%E4%BB%87%E8%80%85%E8%81%AF%E7%9B%9F%EF%BC%9A%E7%84%A1%E9%99%90%E4%B9%8B%E6%88%B0,data\box_office\by_id\109.json
110,https://boxofficetw.tfai.org.tw/search/8895/%E4%BE%8F%E7%BE%85%E7%B4%80%E4%B8%96%E7%95%8C:%E6%AE%9E%E8%90%BD%E5%9C%8B%E5%BA%A6,data\box_office\by_id\110.json
111,,
112,https://boxofficetw.tfai.org.tw/search/20189/%E8%9C%98%E8%9B%9B%E4%BA%BA%EF%BC%9A%E7%84%A1%E5%AE%B6%E6%97%A5,data\box_office\by_id\112.json
113,https://boxofficetw.tfai.org.tw/search/11013/%E6%B0%B4%E8%A1%8C%E4%BF%A0,data\box_office\by_id\113.json
114,https://boxofficetw.tfai.org.tw/search/13629/%E7%8E%A9%E5%91%BD%E9%97%9C%E9%A0%AD:%E7%89%B9%E5%88%A5%E8%A1%8C%E5%8B%95,data\box_office\by_id\114.json
115,https://boxofficetw.tfai.org.tw/search/9472/%E4%B8%8D%E5%8F%AF%E8%83%BD%E7%9A%84%E4%BB%BB%E5%8B%99%EF%BC%9A%E5%85%A8%E9%9D%A2%E7%93%A6%E8%A7%A3,data\box_office\by_id\115.json
116,https://boxofficetw.tfai.org.tw/search/24868/%E4%B8%8D%E5%8F%AF%E8%83%BD%E7%9A%84%E4%BB%BB%E5%8B%99%EF%BC%9A%E8%87%B4%E5%91%BD%E6%B8%85%E7%AE%97%20%E7%AC%AC%E4%B8%80%E7%AB%A0,data\box_office\by_id\116.json
117,https://boxofficetw.tfai.org.tw/search/12427/%E9%A9%9A%E5%A5%87%E9%9A%8A%E9%95%B7,data\box_office\by_id\117.json
118,https://boxofficetw.tfai.org.tw/search/13357/%E8%9C%98%E8%9B%9B%E4%BA%BA%EF%BC%9A%E9%9B%A2%E5%AE%B6%E6%97%A5,data\box_office\by_id\118.json
119,https://boxofficetw.tfai.org.tw/search/8051/%E9%BB%91%E8%B1%B9,data\box_office\by_id\119.json
120,https://boxofficetw.tfai.org.tw/search/8287/%E4%B8%80%E7%B4%9A%E7%8E%A9%E5%AE%B6,data\box_office\by_id\120.json
121,https://boxofficetw.tfai.org.tw/search/18329/%E5%93%A5%E5%90%89%E6%8B%89%E5%A4%A7%E6%88%B0%E9%87%91%E5%89%9B,data\box_office\by_id\121.json
122,https://boxofficetw.tfai.org.tw/search/24337/%E7%8E%A9%E5%91%BD%E9%97%9C%E9%A0%AD%20X,data\box_office\by_id\122.json
123,https://boxofficetw.tfai.org.tw/search/16754/TENET%E5%A4%A9%E8%83%BD,data\box_office\by_id\123.json
124,https://boxofficetw.tfai.org.tw/search/14762/%E5%86%B0%E9%9B%AA%E5%A5%87%E7%B7%A32%20(%E8%8B%B1%E6%96%87%E7%89%88),data\box_office\by_id\124.json
125,https://boxofficetw.tfai.org.tw/search/21161/%E4%BE%8F%E7%BE%85%E7%B4%80%E4%B8%96%E7%95%8C:%20%E7%B5%B1%E9%9C%B8%E5%A4%A9%E4%B8%8B,data\box_office\by_id\125.json
126,https://boxofficetw.tfai.org.tw/search/6579/%E9%87%91%E7%89%8C%E7%89%B9%E5%8B%99%EF%BC%9A%E6%A9%9F%E5%AF%86%E5%B0%8D%E6%B1%BA,data\box_office\by_id\126.json
127,https://boxofficetw.tfai.org.tw/search/5647/%E7%A5%9E%E5%8A%9B%E5%A5%B3%E8%B6%85%E4%BA%BA(%E6%95%B8%E4%BD%8D2D%E7%89%88),data\box_office\by_id\127.json
128,https://boxofficetw.tfai.org.tw/search/14082/%E5%B0%8F%E4%B8%91,data\box_office\by_id\128.json
129,https://boxofficetw.tfai.org.tw/search/7012/%E9%9B%B7%E7%A5%9E%E7%B4%A2%E7%88%BE3%EF%BC%9A%E8%AB%B8%E7%A5%9E%E9%BB%83%E6%98%8F,data\box_office\by_id\129.json
130,https://boxofficetw.tfai.org.tw/search/13475/%E7%8D%85%E5%AD%90%E7%8E%8B,data\box_office\by_id\130.json
131,https://boxofficetw.tfai.org.tw/search/13252/%E7%8E%A9%E5%85%B7%E7%B8%BD%E5%8B%95%E5%93%A1%204,data\box_office\by_id\131.json
132,https://boxofficetw.tfai.org.tw/search/3791/%E6%80%AA%E7%8D%B8%E8%88%87%E7%89%A0%E5%80%91%E7%9A%84%E7%94%A2%E5%9C%B0(%E6%95%B8%E4%BD%8D2D%E7%89%88),data\box_office\by_id\132.json
133,https://boxofficetw.tfai.org.tw/search/3295/%E5%A5%87%E7%95%B0%E5%8D%9A%E5%A3%AB%20(%E6%95%B8%E4%BD%8D2D%E7%89%88),data\box_office\by_id\133.json
134,https://boxofficetw.tfai.org.tw/search/28065/%E6%AD%BB%E4%BE%8D%E8%88%87%E9%87%91%E9%8B%BC%E7%8B%BC,data\box_office\by_id\134.json
135,https://boxofficetw.tfai.org.tw/search/2953/%E8%87%AA%E6%AE%BA%E7%AA%81%E6%93%8A%E9%9A%8A(%E6%95%B8%E4%BD%8D2D%E7%89%88),data\box_office\by_id\135.json
136,https://boxofficetw.tfai.org.tw/search/9314/%E8%9F%BB%E4%BA%BA%E8%88%87%E9%BB%83%E8%9C%82%E5%A5%B3,data\box_office\by_id\136.json
137,https://boxofficetw.tfai.org.tw/search/23924/%E8%B6%85%E7%B4%9A%E7%91%AA%E5%88%A9%E6%AD%90%E5%85%84%E5%BC%9F%E9%9B%BB%E5%BD%B1%E7%89%88,data\box_office\by_id\137.json
138,https://boxofficetw.tfai.org.tw/search/5992/%E8%9C%98%E8%9B%9B%E4%BA%BA%EF%BC%9A%E8%BF%94%E6%A0%A1%E6%97%A5(%E6%95%B8%E4%BD%8DIMAX%202D%E7%89%88),data\box_office\by_id\138.json
139,https://boxofficetw.tfai.org.tw/search/5696/%E9%98%BF%E6%8B%89%E4%B8%81,data\box_office\by_id\139.json
140,https://boxofficetw.tfai.org.tw/search/8798/%E6%AD%BB%E4%BE%8D2,data\box_office\by_id\140.json
141,https://boxofficetw.tfai.org.tw/search/5659/%E7%A5%9E%E9%AC%BC%E5%82%B3%E5%A5%87,data\box_office\by_id\141.json
142,https://boxofficetw.tfai.org.tw/search/10232/%E7%8C%9B%E6%AF%92,data\box_office\by_id\142.json
143,https://boxofficetw.tfai.org.tw/search/12272/%E8%89%BE%E8%8E%89%E5%A1%94%EF%BC%9A%E6%88%B0%E9%AC%A5%E5%A4%A9%E4%BD%BF,data\box_office\by_id\143.json
144,https://boxofficetw.tfai.org.tw/search/9260/%E8%B6%85%E4%BA%BA%E7%89%B9%E6%94%BB%E9%9A%8A2,data\box_office\by_id\144.json
145,https://boxofficetw.tfai.org.tw/search/12879/%E5%93%A5%E5%90%89%E6%8B%89II%E6%80%AA%E7%8D%B8%E4%B9%8B%E7%8E%8B,data\box_office\by_id\145.json
146,https://boxofficetw.tfai.org.tw/search/19885/%E6%B0%B8%E6%81%86%E6%97%8F,data\box_office\by_id\146.json
147,https://boxofficetw.tfai.org.tw/search/4905/%E9%87%91%E5%89%9B%EF%BC%9A%E9%AA%B7%E9%AB%8F%E5%B3%B6(%E6%95%B8%E4%BD%8D2D%E7%89%88),data\box_office\by_id\147.json
148,https://boxofficetw.tfai.org.tw/search/10730/%E6%80%AA%E7%8D%B8%E8%88%87%E8%91%9B%E6%9E%97%E6%88%B4%E8%8F%AF%E5%BE%B7%E7%9A%84%E7%BD%AA%E8%A1%8C,data\box_office\by_id\148.json
149,https://boxofficetw.tfai.org.tw/search/4904/%E7%BE%8E%E5%A5%B3%E8%88%87%E9%87%8E%E7%8D%B8(%E6%95%B8%E4%BD%8DIMAX%202D%E7%89%88),data\box_office\by_id\149.json
150,https://boxofficetw.tfai.org.tw/search/23049/%E9%BB%91%E8%B1%B9%202%EF%BC%9A%E7%93%A6%E5%B9%B2%E9%81%94%E8%90%AC%E6%AD%B2,data\box_office\by_id\150.json
151,,
152,https://boxofficetw.tfai.org.tw/search/4654/%E6%83%A1%E9%9D%88%E5%8F%A4%E5%A0%A1%EF%BC%9A%E6%9C%80%E7%B5%82%E7%AB%A0(%E6%95%B8%E4%BD%8D2D%E7%89%88),data\box_office\by_id\152.json
153,https://boxofficetw.tfai.org.tw/search/26945/%E5%93%A5%E5%90%89%E6%8B%89%E8%88%87%E9%87%91%E5%89%9B%20:%20%E6%96%B0%E5%B8%9D%E5%9C%8B,data\box_office\by_id\153.json
154,https://boxofficetw.tfai.org.tw/search/7414/%E6%AD%A3%E7%BE%A9%E8%81%AF%E7%9B%9F,data\box_office\by_id\154.json
155,https://boxofficetw.tfai.org.tw/search/21054/%E5%A5%87%E7%95%B0%E5%8D%9A%E5%A3%AB2%EF%BC%9A%E5%A4%B1%E6%8E%A7%E5%A4%9A%E9%87%8D%E5%AE%87%E5%AE%99,data\box_office\by_id\155.json
156,https://boxofficetw.tfai.org.tw/search/6741/%E6%B0%A3%E8%B1%A1%E6%88%B0(%E6%95%B8%E4%BD%8D2D%E7%89%88),data\box_office\by_id\156.json
157,https://boxofficetw.tfai.org.tw/search/26768/%E6%B2%99%E4%B8%98%EF%BC%9A%E7%AC%AC%E4%BA%8C%E9%83%A8,data\box_office\by_id\157.json
158,https://boxofficetw.tfai.org.tw/search/5555/%E5%8A%A0%E5%8B%92%E6%AF%94%E6%B5%B7%E7%9B%9C%20%E7%A5%9E%E9%AC%BC%E5%A5%87%E8%88%AA%EF%BC%9A%E6%AD%BB%E7%84%A1%E5%B0%8D%E8%AD%89(%E6%95%B8%E4%BD%8D2D%E7%89%88),data\box_office\by_id\158.json
159,https://boxofficetw.tfai.org.tw/search/23894/%E6%8D%8D%E8%A1%9B%E4%BB%BB%E5%8B%994,data\box_office\by_id\159.json
160,https://boxofficetw.tfai.org.tw/search/21741/%E9%9B%B7%E7%A5%9E%E7%B4%A2%E7%88%BE%EF%BC%9A%E6%84%9B%E8%88%87%E9%9B%B7%E9%9C%86,data\box_office\by_id\160.json
161,https://boxofficetw.tfai.org.tw/search/24917/%E5%A5%A7%E6%9C%AC%E6%B5%B7%E9%BB%98,data\box_office\by_id\161.json
162,https://boxofficetw.tfai.org.tw/search/2670/%E5%87%BA%E7%A5%9E%E5%85%A5%E5%8C%962,data\box_office\by_id\162.json
163,https://boxofficetw.tfai.org.tw/search/4925/%E7%BE%85%E6%A0%B9(%E6%95%B8%E4%BD%8DIMAX%202D%E7%89%88),data\box_office\by_id\163.json
164,https://boxofficetw.tfai.org.tw/search/5933/%E8%AE%8A%E5%BD%A2%E9%87%91%E5%89%9B5%EF%BC%9A%E6%9C%80%E7%B5%82%E9%A8%8E%E5%A3%AB,data\box_office\by_id\164.json
165,https://boxofficetw.tfai.org.tw/search/2690/ID4%20%E6%98%9F%E9%9A%9B%E9%87%8D%E7%94%9F%20(%E6%95%B8%E4%BD%8D%202D%E7%89%88),data\box_office\by_id\165.json
166,,
167,,
168,https://boxofficetw.tfai.org.tw/search/15015/%E9%87%8E%E8%A0%BB%E9%81%8A%E6%88%B2%EF%BC%9A%E5%85%A8%E9%9D%A2%E6%99%89%E7%B4%9A,data\box_office\by_id\168.json
169,https://boxofficetw.tfai.org.tw/search/9378/%E6%91%A9%E5%A4%A9%E5%A4%A7%E6%A8%93,data\box_office\by_id\169.json
170,https://boxofficetw.tfai.org.tw/search/4680/%E9%99%90%E5%88%B6%E7%B4%9A%E6%88%B0%E8%AD%A6%EF%BC%9A%E9%87%8D%E8%BF%94%E6%A5%B5%E9%99%90,data\box_office\by_id\170.json
171,https://boxofficetw.tfai.org.tw/search/17632/%E9%9D%88%E9%AD%82%E6%80%A5%E8%BD%89%E5%BD%8E%20(%E8%8B%B1%E6%96%87%E7%89%88),data\box_office\by_id\171.json
172,https://boxofficetw.tfai.org.tw/search/24938/Barbie%E8%8A%AD%E6%AF%94,data\box_office\by_id\172.json
173,https://boxofficetw.tfai.org.tw/search/5990/%E7%A5%9E%E5%81%B7%E5%A5%B6%E7%88%B83,data\box_office\by_id\173.json
174,https://boxofficetw.tfai.org.tw/search/27834/%E7%A5%9E%E5%81%B7%E5%A5%B6%E7%88%B8%204,data\box_office\by_id\174.json
175,https://boxofficetw.tfai.org.tw/search/8148/%E7%B4%85%E9%9B%80,data\box_office\by_id\175.json
176,https://boxofficetw.tfai.org.tw/search/7922/%E7%A7%BB%E5%8B%95%E8%BF%B7%E5%AE%AE%EF%BC%9A%E6%AD%BB%E4%BA%A1%E8%A7%A3%E8%97%A5,data\box_office\by_id\176.json
177,https://boxofficetw.tfai.org.tw/search/8283/%E7%92%B0%E5%A4%AA%E5%B9%B3%E6%B4%8B2:%20%E8%B5%B7%E7%BE%A9%E6%99%82%E5%88%BB,data\box_office\by_id\177.json
178,https://boxofficetw.tfai.org.tw/search/2715/%E5%AF%B5%E7%89%A9%E7%95%B6%E5%AE%B6,data\box_office\by_id\178.json
179,https://boxofficetw.tfai.org.tw/search/12229/%E9%A6%B4%E9%BE%8D%E9%AB%98%E6%89%8B3,data\box_office\by_id\179.json
180,https://boxofficetw.tfai.org.tw/search/10108/%E4%B8%80%E5%80%8B%E5%B7%A8%E6%98%9F%E7%9A%84%E8%AA%95%E7%94%9F,data\box_office\by_id\180.json
181,https://boxofficetw.tfai.org.tw/search/4710/%E5%88%86%E8%A3%82,data\box_office\by_id\181.json
182,https://boxofficetw.tfai.org.tw/search/2682/%E6%B5%B7%E5%BA%95%E7%B8%BD%E5%8B%95%E5%93%A12:%E5%A4%9A%E8%8E%89%E5%8E%BB%E5%93%AA%E5%85%92%20(%E6%95%B8%E4%BD%8D2D%E7%89%88),data\box_office\by_id\182.json
183,https://boxofficetw.tfai.org.tw/search/9536/%E5%B7%A8%E9%BD%92%E9%AF%8A,data\box_office\by_id\183.json
184,https://boxofficetw.tfai.org.tw/search/6164/%E7%8C%A9%E7%90%83%E5%B4%9B%E8%B5%B7%EF%BC%9A%E7%B5%82%E6%A5%B5%E6%B1%BA%E6%88%B0(%E6%95%B8%E4%BD%8D2D%E7%89%88),data\box_office\by_id\184.json
185,https://boxofficetw.tfai.org.tw/search/12831/%E5%90%8D%E5%81%B5%E6%8E%A2%E7%9A%AE%E5%8D%A1%E4%B8%98,data\box_office\by_id\185.json
186,https://boxofficetw.tfai.org.tw/search/2663/%E9%AD%94%E7%8D%B8%EF%BC%9A%E5%B4%9B%E8%B5%B7,data\box_office\by_id\186.json
187,https://boxofficetw.tfai.org.tw/search/19182/%E6%B2%99%E4%B8%98,data\box_office\by_id\187.json
188,https://boxofficetw.tfai.org.tw/search/11117/%E5%A4%A7%E9%BB%83%E8%9C%82,data\box_office\by_id\188.json
189,https://boxofficetw.tfai.org.tw/search/20277/%E9%87%91%E7%89%8C%E7%89%B9%E5%8B%99%EF%BC%9A%E9%87%91%E5%A3%AB%E6%9B%BC%E8%B5%B7%E6%BA%90,data\box_office\by_id\189.json
190,https://boxofficetw.tfai.org.tw/search/19639/%E7%8C%9B%E6%AF%922%EF%BC%9A%E8%A1%80%E8%9C%98%E8%9B%9B,data\box_office\by_id\190.json
191,https://boxofficetw.tfai.org.tw/search/2661/%E5%8E%B2%E9%99%B0%E5%AE%852,data\box_office\by_id\191.json
192,https://boxofficetw.tfai.org.tw/search/19468/007%20%E7%94%9F%E6%AD%BB%E4%BA%A4%E6%88%B0,data\box_office\by_id\192.json
193,https://boxofficetw.tfai.org.tw/search/24532/%E8%AE%8A%E5%BD%A2%E9%87%91%E5%89%9B%EF%BC%9A%E8%90%AC%E7%8D%B8%E5%B4%9B%E8%B5%B7,data\box_office\by_id\193.json
194,https://boxofficetw.tfai.org.tw/search/19150/%E5%B0%9A%E6%B0%A3%E8%88%87%E5%8D%81%E7%92%B0%E5%82%B3%E5%A5%87,data\box_office\by_id\194.json
195,https://boxofficetw.tfai.org.tw/search/22676/%E9%BB%91%E4%BA%9E%E7%95%B6,data\box_office\by_id\195.json
196,https://boxofficetw.tfai.org.tw/search/20810/%E5%B0%8F%E5%B0%8F%E5%85%B52:%E6%A0%BC%E9%AD%AF%E7%9A%84%E5%B4%9B%E8%B5%B7,data\box_office\by_id\196.json
197,https://boxofficetw.tfai.org.tw/search/13837/%E5%85%A8%E9%9D%A2%E6%94%BB%E4%BD%943:%20%E5%A4%A9%E4%BD%BF%E6%95%91%E6%8F%B4,data\box_office\by_id\197.json
198,https://boxofficetw.tfai.org.tw/search/2918/%E7%A5%9E%E9%AC%BC%E8%AA%8D%E8%AD%89%EF%BC%9A%E5%82%91%E6%A3%AE%E5%8C%85%E6%81%A9,data\box_office\by_id\198.json
199,https://boxofficetw.tfai.org.tw/search/5354/%E6%98%9F%E9%9A%9B%E7%95%B0%E6%94%BB%E9%9A%8A2(%E6%95%B8%E4%BD%8D2D%E7%89%88),data\box_office\by_id\199.json
200,https://boxofficetw.tfai.org.tw/search/12912/%E6%8D%8D%E8%A1%9B%E4%BB%BB%E5%8B%993%EF%BC%9A%E5%85%A8%E9%9D%A2%E9%96%8B%E6%88%B0,data\box_office\by_id\200.json
201,https://boxofficetw.tfai.org.tw/search/9024/%E7%9E%9E%E5%A4%A9%E9%81%8E%E6%B5%B7:%E5%85%AB%E9%9D%A2%E7%8E%B2%E7%93%8F,data\box_office\by_id\201.json
202,https://boxofficetw.tfai.org.tw/search/10907/%E7%84%A1%E6%95%B5%E7%A0%B4%E5%A3%9E%E7%8E%8B2%EF%BC%9A%E7%B6%B2%E8%B7%AF%E5%A4%A7%E6%9A%B4%E8%B5%B0,data\box_office\by_id\202.json
203,https://boxofficetw.tfai.org.tw/search/14329/%E9%BB%91%E9%AD%94%E5%A5%B32,data\box_office\by_id\203.json
204,https://boxofficetw.tfai.org.tw/search/8187/%E5%8F%A4%E5%A2%93%E5%A5%87%E5%85%B5,data\box_office\by_id\204.json
205,https://boxofficetw.tfai.org.tw/search/20587/%E8%9D%99%E8%9D%A0%E4%BF%A0,data\box_office\by_id\205.json
206,https://boxofficetw.tfai.org.tw/search/8482/%E6%AF%80%E6%BB%85%E5%A4%A7%E4%BD%9C%E6%88%B0,data\box_office\by_id\206.json
207,https://boxofficetw.tfai.org.tw/search/15252/%E7%B5%95%E5%9C%B0%E6%88%B0%E8%AD%A6FOR%20LIFE,data\box_office\by_id\207.json
208,,
209,https://boxofficetw.tfai.org.tw/search/24540/%E9%96%83%E9%9B%BB%E4%BF%A0,data\box_office\by_id\209.json
210,https://boxofficetw.tfai.org.tw/search/7535/%E5%8F%AF%E5%8F%AF%E5%A4%9C%E7%B8%BD%E6%9C%83,data\box_office\by_id\210.json
211,https://boxofficetw.tfai.org.tw/search/2678/%E6%88%91%E5%B0%B1%E8%A6%81%E4%BD%A0%E5%A5%BD%E5%A5%BD%E7%9A%84%20(%E6%95%B8%E4%BD%8D2D%E7%89%88),data\box_office\by_id\211.json
212,https://boxofficetw.tfai.org.tw/search/3399/%E6%A8%82%E4%BE%86%E8%B6%8A%E6%84%9B%E4%BD%A0,
213,https://boxofficetw.tfai.org.tw/search/14247/%E9%9B%99%E5%AD%90%E6%AE%BA%E6%89%8B,data\box_office\by_id\213.json
214,https://boxofficetw.tfai.org.tw/search/12610/%E6%B2%99%E8%B4%8A%EF%BC%81,data\box_office\by_id\214.json
215,https://boxofficetw.tfai.org.tw/search/4312/%E9%95%B7%E5%9F%8E,data\box_office\by_id\215.json
216,https://boxofficetw.tfai.org.tw/search/23646/%E8%9F%BB%E4%BA%BA%E8%88%87%E9%BB%83%E8%9C%82%E5%A5%B3%20:%20%E9%87%8F%E5%AD%90%E7%8B%82%E7%86%B1,data\box_office\by_id\216.json
217,https://boxofficetw.tfai.org.tw/search/20863/%E6%80%AA%E7%8D%B8%E8%88%87%E9%84%A7%E4%B8%8D%E5%88%A9%E5%A4%9A%E7%9A%84%E7%A7%98%E5%AF%86,data\box_office\by_id\217.json
218,https://boxofficetw.tfai.org.tw/search/3199/%E6%80%AA%E5%A5%87%E5%AD%A4%E5%85%92%E9%99%A2(%E6%95%B8%E4%BD%8D2D%E7%89%88),data\box_office\by_id\218.json
219,https://boxofficetw.tfai.org.tw/search/25027/%E5%B7%A8%E9%BD%92%E9%AF%8A2:%20%E6%B5%B7%E6%BA%9D%E6%B7%B1%E6%B7%B5,data\box_office\by_id\219.json
220,https://boxofficetw.tfai.org.tw/search/21777/%E5%AD%90%E5%BD%88%E5%88%97%E8%BB%8A,data\box_office\by_id\220.json
221,https://boxofficetw.tfai.org.tw/search/3169/%E6%9C%83%E8%A8%88%E5%B8%AB%20(%E6%95%B8%E4%BD%8D2D%E7%89%88),data\box_office\by_id\221.json
222,https://boxofficetw.tfai.org.tw/search/13904/%E7%89%A0%20%E7%AC%AC%E4%BA%8C%E7%AB%A0,data\box_office\by_id\222.json
223,https://boxofficetw.tfai.org.tw/search/6470/%E7%89%A0(%E6%95%B8%E4%BD%8DIMAX%202D%E7%89%88),data\box_office\by_id\223.json
224,https://boxofficetw.tfai.org.tw/search/3828/%E9%8B%BC%E9%90%B5%E8%8B%B1%E9%9B%84,data\box_office\by_id\224.json
225,https://boxofficetw.tfai.org.tw/search/3252/%E7%A5%9E%E9%9A%B1%E4%BB%BB%E5%8B%99%EF%BC%9A%E6%B0%B8%E4%B8%8D%E5%9B%9E%E9%A0%AD,data\box_office\by_id\225.json
226,https://boxofficetw.tfai.org.tw/search/4147/%E6%AF%94%E5%88%A9%E2%80%A2%E6%9E%97%E6%81%A9%E7%9A%84%E4%B8%AD%E5%A0%B4%E6%88%B0%E4%BA%8B%20(%E6%95%B8%E4%BD%8D2D%E7%89%88),data\box_office\by_id\226.json
227,https://boxofficetw.tfai.org.tw/search/6192/%E6%95%A6%E5%85%8B%E7%88%BE%E5%85%8B%E5%A4%A7%E8%A1%8C%E5%8B%95,data\box_office\by_id\227.json
228,https://boxofficetw.tfai.org.tw/search/9859/%E9%AC%BC%E4%BF%AE%E5%A5%B3,data\box_office\by_id\228.json
229,https://boxofficetw.tfai.org.tw/search/15374/%E7%8C%9B%E7%A6%BD%E5%B0%8F%E9%9A%8A:%20%E5%B0%8F%E4%B8%91%E5%A5%B3%E5%A4%A7%E8%A7%A3%E6%94%BE,data\box_office\by_id\229.json
230,https://boxofficetw.tfai.org.tw/search/6174/%E5%AE%89%E5%A8%9C%E8%B2%9D%E7%88%BE%EF%BC%9A%E9%80%A0%E5%AD%BD(%E6%95%B8%E4%BD%8D2D%E7%89%88),data\box_office\by_id\230.json
231,https://boxofficetw.tfai.org.tw/search/24499/%E8%9C%98%E8%9B%9B%E4%BA%BA%EF%BC%9A%E7%A9%BF%E8%B6%8A%E6%96%B0%E5%AE%87%E5%AE%99,data\box_office\by_id\231.json
232,https://boxofficetw.tfai.org.tw/search/4698/%E6%B5%B7%E6%B4%8B%E5%A5%87%E7%B7%A3(%E6%95%B8%E4%BD%8D%E5%9C%8B%E8%AA%9E2D%E7%89%88),data\box_office\by_id\232.json
233,https://boxofficetw.tfai.org.tw/search/7730/STAR%20WARS%EF%BC%9A%E6%9C%80%E5%BE%8C%E7%9A%84%E7%B5%95%E5%9C%B0%E6%AD%A6%E5%A3%AB,data\box_office\by_id\233.json
234,https://boxofficetw.tfai.org.tw/search/28195/%E7%95%B0%E5%BD%A2%EF%BC%9A%E7%BE%85%E7%A9%86%E8%B7%AF%E6%96%AF,data\box_office\by_id\234.json
235,https://boxofficetw.tfai.org.tw/search/13091/X%E6%88%B0%E8%AD%A6%EF%BC%9A%E9%BB%91%E9%B3%B3%E5%87%B0,data\box_office\by_id\235.json
236,https://boxofficetw.tfai.org.tw/search/28977/%E7%8C%9B%E6%AF%92%E6%9C%80%E7%B5%82%E7%AB%A0%EF%BC%9A%E6%9C%80%E5%BE%8C%E4%B8%80%E8%88%9E,data\box_office\by_id\236.json
237,https://boxofficetw.tfai.org.tw/search/26269/%E6%97%BA%E5%8D%A1(%E8%8B%B1%E6%96%87%E7%89%88),data\box_office\by_id\237.json
238,https://boxofficetw.tfai.org.tw/search/17787/%E9%AD%94%E7%89%A9%E7%8D%B5%E4%BA%BA,data\box_office\by_id\238.json
239,https://boxofficetw.tfai.org.tw/search/7774/%E6%AD%8C%E5%96%89%E8%AE%9A3,data\box_office\by_id\239.json
240,https://boxofficetw.tfai.org.tw/search/24784/%E5%85%83%E7%B4%A0%E6%96%B9%E5%9F%8E%E5%B8%82(%E8%8B%B1%E6%96%87%E7%89%88),data\box_office\by_id\240.json
241,https://boxofficetw.tfai.org.tw/search/27384/%E7%8C%A9%E7%90%83%E5%B4%9B%E8%B5%B7%EF%BC%9A%E7%8E%8B%E5%9C%8B%E8%AA%95%E7%94%9F,data\box_office\by_id\241.json
242,https://boxofficetw.tfai.org.tw/search/3137/%E8%96%A9%E5%88%A9%E6%A9%9F%E9%95%B7%EF%BC%9A%E5%93%88%E5%BE%B7%E9%81%9C%E5%A5%87%E8%B9%9F%20(%E6%95%B8%E4%BD%8DIMAX%202D%E7%89%88),data\box_office\by_id\242.json
243,https://boxofficetw.tfai.org.tw/search/5102/%E5%AF%B6%E8%B2%9D%E8%80%81%E9%97%86(%E6%95%B8%E4%BD%8D%E5%9C%8B%E8%AA%9E2D%E7%89%88),data\box_office\by_id\243.json
244,https://boxofficetw.tfai.org.tw/search/3050/%E6%A5%B5%E9%80%9F%E7%A7%92%E6%AE%BA2,data\box_office\by_id\244.json
245,https://boxofficetw.tfai.org.tw/search/23736/%E9%BE%8D%E8%88%87%E5%9C%B0%E4%B8%8B%E5%9F%8E%EF%BC%9A%E7%9B%9C%E8%B3%8A%E6%A6%AE%E8%80%80,data\box_office\by_id\245.json
246,https://boxofficetw.tfai.org.tw/search/7537/%E6%9D%B1%E6%96%B9%E5%BF%AB%E8%BB%8A%E8%AC%80%E6%AE%BA%E6%A1%88,data\box_office\by_id\246.json
247,https://boxofficetw.tfai.org.tw/search/13230/MIB%E6%98%9F%E9%9A%9B%E6%88%B0%E8%AD%A6%EF%BC%9A%E8%B7%A8%E5%9C%8B%E8%A1%8C%E5%8B%95,data\box_office\by_id\247.json
248,https://boxofficetw.tfai.org.tw/search/4603/%E5%88%BA%E5%AE%A2%E6%95%99%E6%A2%9D,data\box_office\by_id\248.json
249,https://boxofficetw.tfai.org.tw/search/7763/%E5%A4%A7%E5%A8%9B%E6%A8%82%E5%AE%B6,data\box_office\by_id\249.json
250,https://boxofficetw.tfai.org.tw/search/12142/%E7%95%B0%E8%A3%82,data\box_office\by_id\250.json
251,,
252,https://boxofficetw.tfai.org.tw/search/2566/X%E6%88%B0%E8%AD%A6%EF%BC%9A%E5%A4%A9%E5%95%9F(%E6%95%B8%E4%BD%8D2D%E7%89%88),data\box_office\by_id\252.json
253,https://boxofficetw.tfai.org.tw/search/6266/%E6%AE%BA%E6%89%8B%E4%BF%9D%E9%91%A3,data\box_office\by_id\253.json
254,https://boxofficetw.tfai.org.tw/search/2711/%E6%B3%B0%E5%B1%B1%E5%82%B3%E5%A5%87(%E6%95%B8%E4%BD%8D2D%E7%89%88),data\box_office\by_id\254.json
255,https://boxofficetw.tfai.org.tw/search/3284/%E5%9C%B0%E7%8D%84(%E6%95%B8%E4%BD%8DIMAX%202D%E7%89%88),data\box_office\by_id\255.json
256,https://boxofficetw.tfai.org.tw/search/14616/%E9%AD%94%E9%AC%BC%E7%B5%82%E7%B5%90%E8%80%85%EF%BC%9A%E9%BB%91%E6%9A%97%E5%AE%BF%E5%91%BD,data\box_office\by_id\256.json
257,https://boxofficetw.tfai.org.tw/search/16738/%E5%A4%A9%E5%8A%AB%E5%80%92%E6%95%B8,data\box_office\by_id\257.json
258,https://boxofficetw.tfai.org.tw/search/27947/%E9%BE%8D%E6%8D%B2%E9%A2%A8%E6%9A%B4,data\box_office\by_id\258.json
259,https://boxofficetw.tfai.org.tw/search/4760/%E6%A0%BC%E9%9B%B7%E7%9A%84%E4%BA%94%E5%8D%81%E9%81%93%E9%99%B0%E5%BD%B1%EF%BC%9A%E6%9D%9F%E7%B8%9B,data\box_office\by_id\259.json
260,https://boxofficetw.tfai.org.tw/search/12566/%E5%B0%8F%E9%A3%9B%E8%B1%A1,data\box_office\by_id\260.json
261,https://boxofficetw.tfai.org.tw/search/4530/%E6%98%9F%E9%9A%9B%E5%A4%A7%E6%88%B0%E5%A4%96%E5%82%B3%EF%BC%9A%E4%BF%A0%E7%9B%9C%E4%B8%80%E8%99%9F(%E6%95%B8%E4%BD%8D2D%E7%89%88),data\box_office\by_id\261.json
262,https://boxofficetw.tfai.org.tw/search/4785/%E6%8D%8D%E8%A1%9B%E4%BB%BB%E5%8B%992%EF%BC%9A%E6%AE%BA%E7%A5%9E%E5%9B%9E%E6%AD%B8(%E6%95%B8%E4%BD%8D2D%E7%89%88),data\box_office\by_id\262.json
263,https://boxofficetw.tfai.org.tw/search/5096/%E6%94%BB%E6%AE%BC%E6%A9%9F%E5%8B%95%E9%9A%8A,data\box_office\by_id\263.json
264,https://boxofficetw.tfai.org.tw/search/12762/%E8%A9%90%E9%A8%99%E5%A5%B3%E7%A5%9E,data\box_office\by_id\264.json
265,https://boxofficetw.tfai.org.tw/search/13321/%E5%AE%89%E5%A8%9C%E8%B2%9D%E7%88%BE%E5%9B%9E%E5%AE%B6%E5%9B%89,data\box_office\by_id\265.json
266,https://boxofficetw.tfai.org.tw/search/15131/STAR%20WARS%20:%20%E5%A4%A9%E8%A1%8C%E8%80%85%E7%9A%84%E5%B4%9B%E8%B5%B7,data\box_office\by_id\266.json
267,https://boxofficetw.tfai.org.tw/search/18481/%E7%8E%A9%E5%91%BD%E9%88%94%E5%8A%AB,data\box_office\by_id\267.json
268,https://boxofficetw.tfai.org.tw/search/5556/%E7%95%B0%E5%BD%A2%EF%BC%9A%E8%81%96%E7%B4%84(%E6%95%B8%E4%BD%8DIMAX%202D%E7%89%88),data\box_office\by_id\268.json
269,https://boxofficetw.tfai.org.tw/search/27607/%E7%B5%95%E5%9C%B0%E6%88%B0%E8%AD%A6%EF%BC%9A%E7%94%9F%E6%AD%BB%E8%88%87%E5%85%B1,data\box_office\by_id\269.json
270,https://boxofficetw.tfai.org.tw/search/5592/%E6%B5%B7%E7%81%98%E6%95%91%E8%AD%B7%E9%9A%8A,data\box_office\by_id\270.json
271,,
272,https://boxofficetw.tfai.org.tw/search/14953/%E8%B3%BD%E9%81%93%E7%8B%82%E4%BA%BA,data\box_office\by_id\272.json
273,https://boxofficetw.tfai.org.tw/search/15303/%E6%9D%9C%E7%AB%8B%E5%BE%B7,data\box_office\by_id\273.json
274,https://boxofficetw.tfai.org.tw/search/20539/%E7%A7%98%E5%A2%83%E6%8E%A2%E9%9A%AA,data\box_office\by_id\274.json
275,https://boxofficetw.tfai.org.tw/search/10398/%E6%BD%9B%E8%89%A6%E7%8D%B5%E6%AE%BA%E4%BB%A4,data\box_office\by_id\275.json
276,https://boxofficetw.tfai.org.tw/search/20828/%E5%AA%BD%E7%9A%84%E5%A4%9A%E9%87%8D%E5%AE%87%E5%AE%99,data\box_office\by_id\276.json
277,https://boxofficetw.tfai.org.tw/search/15324/1917,data\box_office\by_id\277.json
278,https://boxofficetw.tfai.org.tw/search/4535/%E6%98%9F%E9%9A%9B%E9%81%8E%E5%AE%A2(%E6%95%B8%E4%BD%8D2D%E7%89%88),data\box_office\by_id\278.json
279,https://boxofficetw.tfai.org.tw/search/18984/%E8%84%AB%E7%A8%BF%E7%8E%A9%E5%AE%B6,data\box_office\by_id\279.json
280,https://boxofficetw.tfai.org.tw/search/14783/%E6%B1%BA%E6%88%B0%E4%B8%AD%E9%80%94%E5%B3%B6,data\box_office\by_id\280.json
281,https://boxofficetw.tfai.org.tw/search/8417/%E5%99%A4%E7%95%8C,data\box_office\by_id\281.json
282,https://boxofficetw.tfai.org.tw/search/5749/%E8%8A%B1%E6%9C%A8%E8%98%AD(%E6%95%B8%E4%BD%8D%E5%9C%8B%E8%AA%9E2D%E7%89%88),data\box_office\by_id\282.json
283,https://boxofficetw.tfai.org.tw/search/6335/%E7%BE%8E%E5%9C%8B%E8%A3%BD%E9%80%A0,data\box_office\by_id\283.json
284,https://boxofficetw.tfai.org.tw/search/9818/%E7%A7%81%E5%88%91%E6%95%99%E8%82%B22,data\box_office\by_id\284.json
285,https://boxofficetw.tfai.org.tw/search/8013/%E6%A0%BC%E9%9B%B7%E7%9A%84%E4%BA%94%E5%8D%81%E9%81%93%E9%99%B0%E5%BD%B1%EF%BC%9A%E8%87%AA%E7%94%B1,data\box_office\by_id\285.json
286,https://boxofficetw.tfai.org.tw/search/4731/%E7%82%BA%E4%BA%86%E8%88%87%E4%BD%A0%E7%9B%B8%E9%81%87,data\box_office\by_id\286.json
287,https://boxofficetw.tfai.org.tw/search/9392/%E5%B0%96%E5%8F%AB%E6%97%85%E7%A4%BE3:%E6%80%AA%E7%8D%B8%E5%81%87%E6%9C%9F,data\box_office\by_id\287.json
288,https://boxofficetw.tfai.org.tw/search/2652/%E5%BF%8D%E8%80%85%E9%BE%9C%EF%BC%9A%E7%A0%B4%E5%BD%B1%E8%80%8C%E5%87%BA,data\box_office\by_id\288.json
289,https://boxofficetw.tfai.org.tw/search/26218/%E9%A3%A2%E9%A4%93%E9%81%8A%E6%88%B2%EF%BC%9A%E9%B3%B4%E9%B3%A5%E8%88%87%E6%B8%B8%E8%9B%87%E4%B9%8B%E6%AD%8C,data\box_office\by_id\289.json
290,https://boxofficetw.tfai.org.tw/search/9613/%E7%98%8B%E7%8B%82%E4%BA%9E%E6%B4%B2%E5%AF%8C%E8%B1%AA,data\box_office\by_id\290.json
291,https://boxofficetw.tfai.org.tw/search/2871/%E6%98%9F%E9%9A%9B%E7%88%AD%E9%9C%B8%E6%88%B0%EF%BC%9A%E6%B5%A9%E7%80%9A%E7%84%A1%E5%9E%A0,data\box_office\by_id\291.json
292,https://boxofficetw.tfai.org.tw/search/25279/%E7%A7%81%E5%88%91%E6%95%99%E8%82%B23,data\box_office\by_id\292.json
293,https://boxofficetw.tfai.org.tw/search/3794/%E6%AD%A1%E6%A8%82%E5%A5%BD%E8%81%B2%E9%9F%B3,
294,,
295,,
296,,
297,,
298,,
299,,
300,,
301,,
302,,
303,,
304,,
305,,
306,,
307,,
308,,
309,,
310,,
311,,
312,,
313,,
314,,
315,,
316,,
317,,
318,,
319,,
320,,
321,,
322,,
323,,
324,,
325,,
326,,
327,,
328,,
329,,
330,,
331,,
332,,
333,,
334,,
335,,
336,,
337,,
338,,
339,,
340,,
341,,
342,,
343,,
344,,
345,,
346,,
347,,
348,,
349,,
350,,
351,,
352,,
353,,
354,,
355,,
356,,
357,,
358,,
359,,
360,,
361,,
362,,
363,,
364,,
365,,
366,,
367,,
368,,
369,,
370,,
371,,
372,,
373,,
374,,
375,,
376,,
377,,
378,,
379,,
380,,
381,,
382,,
383,,
384,,
385,,
386,,
387,,
388,,
389,,
390,,
391,,
392,,
393,,
394,,
395,,
396,,
397,,
398,,
399,,
400,,
401,,
402,,
403,,
404,,
405,,
406,,
407,,
408,,
409,,
410,,
411,,
412,,
413,,
414,,
415,,
416,,
417,,
418,,
419,,
420,,
421,,
422,,
423,,
424,,
425,,
426,,
427,,
428,,
429,,
430,,
431,,
432,,
433,,
434,,
435,,
436,,
437,,
438,,
439,,
440,,
441,,
442,,
443,,
444,,
445,,
446,,
447,,
448,,
449,,
450,,
451,,
452,,
453,,
454,,
455,,
456,,
457,,
458,,
459,,
460,,
461,,
462,,
463,,
464,,
465,,
466,,
467,,
468,,
469,,
470,,
471,,
472,,
473,,
474,,
475,,
476,,
477,,
478,,
479,,
480,,
481,,
482,,
483,,
484,,
485,,
486,,
487,,
488,,
489,,
490,,
491,,
492,,
493,,
494,,
495,,
496,,
497,,
498,,
499,,
500,,
501,,
502,,
503,,
504,,
505,,
506,,
507,,
508,,
509,,
510,,
511,,
512,,
513,,
514,,
515,,
516,,
517,,
518,,
519,,
520,,
521,,
522,,
523,,
524,,
525,,
526,,
527,,
528,,
529,,
530,,
531,,
532,,
533,,
534,,
535,,
536,,
537,,
538,,
539,,
540,,
541,,
542,,
543,,
544,,
545,,
546,,
547,,
548,,
549,,
550,,
551,,
552,,
553,,
554,,
555,,
556,,
557,,
558,,
559,,
560,,
561,,
562,,
563,,
564,,
565,,
566,,
567,,
568,,
569,,
570,,
571,,
572,,
573,,
574,,
575,,
576,,
577,,
578,,
579,,
580,,
581,,
582,,
583,,
584,,
585,,
586,,
587,,
588,,
589,,
590,,
591,,
592,,
593,,
594,,
595,,
596,,
597,,
598,,
599,,
600,,
601,,
602,,
603,,
604,,
605,,
606,,
607,,
608,,
609,,
610,,
611,,
612,,
613,,
614,,
615,,
616,,
617,,
618,,
619,,
620,,
621,,
622,,
623,,
624,,
625,,
626,,
627,,
628,,
629,,
630,,
631,,
632,,
633,,
634,,
635,,
636,,
637,,
638,,
639,,
640,,
641,,
642,,
643,,
644,,
645,,
646,,
647,,
648,,
649,,
650,,
651,,
652,,
653,,
654,,
655,,
656,,
657,,
658,,
659,,
660,,
661,,
662,,
663,,
664,,
665,,
666,,
667,,
668,,
669,,
670,,
671,,
672,,
673,,
674,,
675,,
676,,
677,,
678,,
679,,
680,,
681,,
682,,
683,,
684,,
685,,
686,,
687,,
688,,
689,,
690,,
691,,
692,,
693,,
694,,
695,,
696,,
697,,
698,,
699,,
700,,
701,,
702,,
703,,
704,,
705,,
706,,
707,,
708,,
709,,
710,,
711,,
712,,
713,,
714,,
715,,
716,,
717,,
718,,
719,,
720,,
721,,
722,,
723,,
724,,
725,,
726,,
727,,
728,,
729,,
730,,
731,,
732,,
733,,
734,,
735,,
736,,
737,,
738,,
739,,
740,,
741,,
742,,
743,,
744,,
745,,
746,,
747,,
748,,
749,,
750,,
751,,
752,,
753,,
754,,
755,,
756,,
757,,
758,,
759,,
760,,
761,,
762,,
763,,
764,,
765,,
766,,
767,,
768,,
769,,
770,,
771,,
772,,
773,,
774,,
775,,
776,,
777,,
778,,
779,,
780,,
781,,
782,,
783,,
784,,
785,,
786,,
787,,
788,,
789,,
790,,
791,,
